"DateTime","Powerica_Charbara-GJ Pos 001 (10-Minute Capacity Factor (%))","Powerica_Charbara-GJ Pos 001 (10-Minute Generation (kWh))","Powerica_Charbara-GJ Pos 001 (10-Minute Machine Availability (%))","Timezone"
"2019-08-12 00:00:00","69.57","231.9","100","Asia/Kolkata (GMT+5:30)"
"2019-08-12 00:10:00","63.69","212.32","100","Asia/Kolkata (GMT+5:30)"
"2019-08-12 00:20:00","67.96","226.55","100","Asia/Kolkata (GMT+5:30)"
"2019-08-12 00:30:00","58.21","194.02","100","Asia/Kolkata (GMT+5:30)"
"2019-08-12 00:40:00","59.51","198.35","100","Asia/Kolkata (GMT+5:30)"
"2019-08-12 00:50:00","68.74","229.13","0","Asia/Kolkata (GMT+5:30)"
"2019-08-12 01:00:00","56.05","186.83","100","Asia/Kolkata (GMT+5:30)"
"2019-08-12 01:10:00","59.72","199.05","100","Asia/Kolkata (GMT+5:30)"
"2019-08-12 01:20:00","54.29","180.97","0","Asia/Kolkata (GMT+5:30)"
"2019-08-12 01:30:00","50.6","168.65","0","Asia/Kolkata (GMT+5:30)"
"2019-08-12 01:40:00","58.6","195.35","100","Asia/Kolkata (GMT+5:30)"
"2019-08-12 01:50:00","61.39","204.63","100","Asia/Kolkata (GMT+5:30)"
"2019-08-12 02:00:00","59.46","198.18","100","Asia/Kolkata (GMT+5:30)"
"2019-08-12 02:10:00","44.99","149.97","100","Asia/Kolkata (GMT+5:30)"
"2019-08-12 02:20:00","43.62","145.4","100","Asia/Kolkata (GMT+5:30)"
"2019-08-12 02:30:00","57.49","191.62","100","Asia/Kolkata (GMT+5:30)"
"2019-08-12 02:40:00","65.28","217.6","100","Asia/Kolkata (GMT+5:30)"
"2019-08-12 02:50:00","68.6","228.67","100","Asia/Kolkata (GMT+5:30)"
"2019-08-12 03:00:00","68.4","228.02","100","Asia/Kolkata (GMT+5:30)"
"2019-08-12 03:10:00","33.01","110.02","0","Asia/Kolkata (GMT+5:30)"
"2019-08-12 03:20:00","33.28","110.95","100","Asia/Kolkata (GMT+5:30)"
"2019-08-12 03:30:00","37.28","124.28","0","Asia/Kolkata (GMT+5:30)"
"2019-08-12 03:40:00","37.17","123.88","100","Asia/Kolkata (GMT+5:30)"
"2019-08-12 03:50:00","41.56","138.53","100","Asia/Kolkata (GMT+5:30)"
"2019-08-12 04:00:00","36.42","121.4","100","Asia/Kolkata (GMT+5:30)"
"2019-08-12 04:10:00","28.19","93.97","100","Asia/Kolkata (GMT+5:30)"
"2019-08-12 04:20:00","23.14","77.12","100","Asia/Kolkata (GMT+5:30)"
"2019-08-12 04:30:00","18.24","60.8","100","Asia/Kolkata (GMT+5:30)"
"2019-08-12 04:40:00","18.85","62.85","0","Asia/Kolkata (GMT+5:30)"
"2019-08-12 04:50:00","25.74","85.78","100","Asia/Kolkata (GMT+5:30)"
"2019-08-12 05:00:00","30.02","100.08","0","Asia/Kolkata (GMT+5:30)"
"2019-08-12 05:10:00","24.08","80.28","100","Asia/Kolkata (GMT+5:30)"
"2019-08-12 05:20:00","26.22","87.38","100","Asia/Kolkata (GMT+5:30)"
"2019-08-12 05:30:00","21.42","71.42","100","Asia/Kolkata (GMT+5:30)"
"2019-08-12 05:40:00","23.63","78.75","100","Asia/Kolkata (GMT+5:30)"
"2019-08-12 05:50:00","44.46","148.2","100","Asia/Kolkata (GMT+5:30)"
"2019-08-12 06:00:00","28.58","95.25","100","Asia/Kolkata (GMT+5:30)"
"2019-08-12 06:10:00","29.58","98.62","100","Asia/Kolkata (GMT+5:30)"
"2019-08-12 06:20:00","32.67","108.88","100","Asia/Kolkata (GMT+5:30)"
"2019-08-12 06:30:00","39.69","132.3","100","Asia/Kolkata (GMT+5:30)"
"2019-08-12 06:40:00","40.46","134.87","100","Asia/Kolkata (GMT+5:30)"
"2019-08-12 06:50:00","31.75","105.85","0","Asia/Kolkata (GMT+5:30)"
"2019-08-12 07:00:00","38.1","127","0","Asia/Kolkata (GMT+5:30)"
"2019-08-12 07:10:00","29.01","96.7","100","Asia/Kolkata (GMT+5:30)"
"2019-08-12 07:20:00","26.53","88.43","100","Asia/Kolkata (GMT+5:30)"
"2019-08-12 07:30:00","25.19","83.97","100","Asia/Kolkata (GMT+5:30)"
"2019-08-12 07:40:00","36.97","123.25","100","Asia/Kolkata (GMT+5:30)"
"2019-08-12 07:50:00","28.28","94.28","100","Asia/Kolkata (GMT+5:30)"
"2019-08-12 08:00:00","18.22","60.73","0","Asia/Kolkata (GMT+5:30)"
"2019-08-12 08:10:00","23.95","79.83","0","Asia/Kolkata (GMT+5:30)"
"2019-08-12 08:20:00","21.72","72.4","100","Asia/Kolkata (GMT+5:30)"
"2019-08-12 08:30:00","25.39","84.63","100","Asia/Kolkata (GMT+5:30)"
"2019-08-12 08:40:00","29.17","97.23","0","Asia/Kolkata (GMT+5:30)"
"2019-08-12 08:50:00","34.4","114.65","100","Asia/Kolkata (GMT+5:30)"
"2019-08-12 09:00:00","32.9","109.68","100","Asia/Kolkata (GMT+5:30)"
"2019-08-12 09:10:00","41.81","139.37","100","Asia/Kolkata (GMT+5:30)"
"2019-08-12 09:20:00","41.42","138.07","100","Asia/Kolkata (GMT+5:30)"
"2019-08-12 09:30:00","61.53","205.12","100","Asia/Kolkata (GMT+5:30)"
"2019-08-12 09:40:00","54.87","182.9","100","Asia/Kolkata (GMT+5:30)"
"2019-08-12 09:50:00","58.46","194.85","100","Asia/Kolkata (GMT+5:30)"
"2019-08-12 10:00:00","57.78","192.6","100","Asia/Kolkata (GMT+5:30)"
"2019-08-12 10:10:00","42.15","140.52","100","Asia/Kolkata (GMT+5:30)"
"2019-08-12 10:20:00","53.19","177.32","100","Asia/Kolkata (GMT+5:30)"
"2019-08-12 10:30:00","66.18","220.6","100","Asia/Kolkata (GMT+5:30)"
"2019-08-12 10:40:00","67.36","224.52","100","Asia/Kolkata (GMT+5:30)"
"2019-08-12 10:50:00","51.26","170.87","100","Asia/Kolkata (GMT+5:30)"
"2019-08-12 11:00:00","51.22","170.73","100","Asia/Kolkata (GMT+5:30)"
"2019-08-12 11:10:00","45.73","152.43","100","Asia/Kolkata (GMT+5:30)"
"2019-08-12 11:20:00","54.47","181.55","0","Asia/Kolkata (GMT+5:30)"
"2019-08-12 11:30:00","42.28","140.93","100","Asia/Kolkata (GMT+5:30)"
"2019-08-12 11:40:00","48.62","162.05","100","Asia/Kolkata (GMT+5:30)"
"2019-08-12 11:50:00","47.11","157.03","100","Asia/Kolkata (GMT+5:30)"
"2019-08-12 12:00:00","52.26","174.18","100","Asia/Kolkata (GMT+5:30)"
"2019-08-12 12:10:00","52.51","175.03","100","Asia/Kolkata (GMT+5:30)"
"2019-08-12 12:20:00","41.42","138.07","100","Asia/Kolkata (GMT+5:30)"
"2019-08-12 12:30:00","37.06","123.55","100","Asia/Kolkata (GMT+5:30)"
"2019-08-12 12:40:00","38.42","128.08","0","Asia/Kolkata (GMT+5:30)"
"2019-08-12 12:50:00","34.87","116.22","0","Asia/Kolkata (GMT+5:30)"
"2019-08-12 13:00:00","38.62","128.72","100","Asia/Kolkata (GMT+5:30)"
"2019-08-12 13:10:00","39.98","133.27","100","Asia/Kolkata (GMT+5:30)"
"2019-08-12 13:20:00","37.24","124.12","0","Asia/Kolkata (GMT+5:30)"
"2019-08-12 13:30:00","41.4","138","100","Asia/Kolkata (GMT+5:30)"
"2019-08-12 13:40:00","29.05","96.83","100","Asia/Kolkata (GMT+5:30)"
"2019-08-12 13:50:00","36.12","120.4","100","Asia/Kolkata (GMT+5:30)"
"2019-08-12 14:00:00","24.24","80.8","0","Asia/Kolkata (GMT+5:30)"
"2019-08-12 14:10:00","31.98","106.58","100","Asia/Kolkata (GMT+5:30)"
"2019-08-12 14:20:00","23.87","79.57","100","Asia/Kolkata (GMT+5:30)"
"2019-08-12 14:30:00","27.98","93.27","100","Asia/Kolkata (GMT+5:30)"
"2019-08-12 14:40:00","29.17","97.25","0","Asia/Kolkata (GMT+5:30)"
"2019-08-12 14:50:00","28.59","95.3","0","Asia/Kolkata (GMT+5:30)"
"2019-08-12 15:00:00","32.17","107.25","100","Asia/Kolkata (GMT+5:30)"
"2019-08-12 15:10:00","24.84","82.8","100","Asia/Kolkata (GMT+5:30)"
"2019-08-12 15:20:00","24.42","81.38","100","Asia/Kolkata (GMT+5:30)"
"2019-08-12 15:30:00","39.44","131.45","100","Asia/Kolkata (GMT+5:30)"
"2019-08-12 15:40:00","39.35","131.18","100","Asia/Kolkata (GMT+5:30)"
"2019-08-12 15:50:00","33.83","112.77","0","Asia/Kolkata (GMT+5:30)"
"2019-08-12 16:00:00","36.26","120.87","100","Asia/Kolkata (GMT+5:30)"
"2019-08-12 16:10:00","33.64","112.13","0","Asia/Kolkata (GMT+5:30)"
"2019-08-12 16:20:00","29.97","99.9","0","Asia/Kolkata (GMT+5:30)"
"2019-08-12 16:30:00","43.04","143.48","0","Asia/Kolkata (GMT+5:30)"
"2019-08-12 16:40:00","45.01","150.03","100","Asia/Kolkata (GMT+5:30)"
"2019-08-12 16:50:00","33.29","110.98","100","Asia/Kolkata (GMT+5:30)"
"2019-08-12 17:00:00","39.35","131.18","100","Asia/Kolkata (GMT+5:30)"
"2019-08-12 17:10:00","31.6","105.35","100","Asia/Kolkata (GMT+5:30)"
"2019-08-12 17:20:00","28.83","96.08","100","Asia/Kolkata (GMT+5:30)"
"2019-08-12 17:30:00","32.97","109.9","100","Asia/Kolkata (GMT+5:30)"
"2019-08-12 17:40:00","35.78","119.25","0","Asia/Kolkata (GMT+5:30)"
"2019-08-12 17:50:00","31.38","104.6","100","Asia/Kolkata (GMT+5:30)"
"2019-08-12 18:00:00","51.58","171.93","100","Asia/Kolkata (GMT+5:30)"
"2019-08-12 18:10:00","38.05","126.83","0","Asia/Kolkata (GMT+5:30)"
"2019-08-12 18:20:00","50.47","168.25","100","Asia/Kolkata (GMT+5:30)"
"2019-08-12 18:30:00","52.56","175.18","100","Asia/Kolkata (GMT+5:30)"
"2019-08-12 18:40:00","54.55","181.83","100","Asia/Kolkata (GMT+5:30)"
"2019-08-12 18:50:00","65.36","217.85","100","Asia/Kolkata (GMT+5:30)"
"2019-08-12 19:00:00","62.82","209.4","0","Asia/Kolkata (GMT+5:30)"
"2019-08-12 19:10:00","44.83","149.43","100","Asia/Kolkata (GMT+5:30)"
"2019-08-12 19:20:00","57.26","190.87","100","Asia/Kolkata (GMT+5:30)"
"2019-08-12 19:30:00","59.9","199.68","100","Asia/Kolkata (GMT+5:30)"
"2019-08-12 19:40:00","54.26","180.85","100","Asia/Kolkata (GMT+5:30)"
"2019-08-12 19:50:00","57.42","191.42","100","Asia/Kolkata (GMT+5:30)"
"2019-08-12 20:00:00","44.27","147.57","100","Asia/Kolkata (GMT+5:30)"
"2019-08-12 20:10:00","48.59","161.97","100","Asia/Kolkata (GMT+5:30)"
"2019-08-12 20:20:00","36.47","121.58","100","Asia/Kolkata (GMT+5:30)"
"2019-08-12 20:30:00","30.14","100.47","100","Asia/Kolkata (GMT+5:30)"
"2019-08-12 20:40:00","25.24","84.12","100","Asia/Kolkata (GMT+5:30)"
"2019-08-12 20:50:00","24.49","81.62","100","Asia/Kolkata (GMT+5:30)"
"2019-08-12 21:00:00","37.24","124.13","0","Asia/Kolkata (GMT+5:30)"
"2019-08-12 21:10:00","43.41","144.7","100","Asia/Kolkata (GMT+5:30)"
"2019-08-12 21:20:00","36.19","120.65","0","Asia/Kolkata (GMT+5:30)"
"2019-08-12 21:30:00","43.94","146.48","100","Asia/Kolkata (GMT+5:30)"
"2019-08-12 21:40:00","57.1","190.33","100","Asia/Kolkata (GMT+5:30)"
"2019-08-12 21:50:00","45.74","152.47","0","Asia/Kolkata (GMT+5:30)"
"2019-08-12 22:00:00","36.22","120.72","100","Asia/Kolkata (GMT+5:30)"
"2019-08-12 22:10:00","36.26","120.87","0","Asia/Kolkata (GMT+5:30)"
"2019-08-12 22:20:00","30.42","101.38","100","Asia/Kolkata (GMT+5:30)"
"2019-08-12 22:30:00","27.02","90.07","100","Asia/Kolkata (GMT+5:30)"
"2019-08-12 22:40:00","38.16","127.2","100","Asia/Kolkata (GMT+5:30)"
"2019-08-12 22:50:00","29.68","98.95","100","Asia/Kolkata (GMT+5:30)"
"2019-08-12 23:00:00","32.11","107.03","100","Asia/Kolkata (GMT+5:30)"
"2019-08-12 23:10:00","38.51","128.37","100","Asia/Kolkata (GMT+5:30)"
"2019-08-12 23:20:00","41.53","138.43","0","Asia/Kolkata (GMT+5:30)"
"2019-08-12 23:30:00","40.24","134.13","100","Asia/Kolkata (GMT+5:30)"
"2019-08-12 23:40:00","51.42","171.4","100","Asia/Kolkata (GMT+5:30)"
"2019-08-12 23:50:00","64.56","215.18","100","Asia/Kolkata (GMT+5:30)"
"2019-08-13 00:00:00","66.79","222.65","100","Asia/Kolkata (GMT+5:30)"
"2019-08-13 00:10:00","63.85","212.85","100","Asia/Kolkata (GMT+5:30)"
"2019-08-13 00:20:00","23.1","77","100","Asia/Kolkata (GMT+5:30)"
"2019-08-13 00:30:00","29.73","99.08","0","Asia/Kolkata (GMT+5:30)"
"2019-08-13 00:40:00","33.99","113.32","100","Asia/Kolkata (GMT+5:30)"
"2019-08-13 00:50:00","42.54","141.8","100","Asia/Kolkata (GMT+5:30)"
"2019-08-13 01:00:00","41.51","138.38","100","Asia/Kolkata (GMT+5:30)"
"2019-08-13 01:10:00","33.53","111.75","100","Asia/Kolkata (GMT+5:30)"
"2019-08-13 01:20:00","32.12","107.07","100","Asia/Kolkata (GMT+5:30)"
"2019-08-13 01:30:00","41.33","137.75","100","Asia/Kolkata (GMT+5:30)"
"2019-08-13 01:40:00","44.4","148.02","100","Asia/Kolkata (GMT+5:30)"
"2019-08-13 01:50:00","39.79","132.65","100","Asia/Kolkata (GMT+5:30)"
"2019-08-13 02:00:00","43.59","145.3","100","Asia/Kolkata (GMT+5:30)"
"2019-08-13 02:10:00","40.31","134.38","100","Asia/Kolkata (GMT+5:30)"
"2019-08-13 02:20:00","43.65","145.5","100","Asia/Kolkata (GMT+5:30)"
"2019-08-13 02:30:00","28.24","94.12","100","Asia/Kolkata (GMT+5:30)"
"2019-08-13 02:40:00","21.02","70.08","100","Asia/Kolkata (GMT+5:30)"
"2019-08-13 02:50:00","41.3","137.67","100","Asia/Kolkata (GMT+5:30)"
"2019-08-13 03:00:00","39.33","131.08","100","Asia/Kolkata (GMT+5:30)"
"2019-08-13 03:10:00","44.54","148.47","100","Asia/Kolkata (GMT+5:30)"
"2019-08-13 03:20:00","37.21","124.02","100","Asia/Kolkata (GMT+5:30)"
"2019-08-13 03:30:00","42.44","141.47","100","Asia/Kolkata (GMT+5:30)"
"2019-08-13 03:40:00","49.83","166.1","100","Asia/Kolkata (GMT+5:30)"
"2019-08-13 03:50:00","55.99","186.65","100","Asia/Kolkata (GMT+5:30)"
"2019-08-13 04:00:00","55.18","183.93","100","Asia/Kolkata (GMT+5:30)"
"2019-08-13 04:10:00","66.01","220.03","100","Asia/Kolkata (GMT+5:30)"
"2019-08-13 04:20:00","75","249.98","100","Asia/Kolkata (GMT+5:30)"
"2019-08-13 04:30:00","72.43","241.43","100","Asia/Kolkata (GMT+5:30)"
"2019-08-13 04:40:00","80.57","268.55","100","Asia/Kolkata (GMT+5:30)"
"2019-08-13 04:50:00","69.07","230.23","100","Asia/Kolkata (GMT+5:30)"
"2019-08-13 05:00:00","62.15","207.15","100","Asia/Kolkata (GMT+5:30)"
"2019-08-13 05:10:00","52.31","174.37","100","Asia/Kolkata (GMT+5:30)"
"2019-08-13 05:20:00","44.44","148.13","100","Asia/Kolkata (GMT+5:30)"
"2019-08-13 05:30:00","37.77","125.9","100","Asia/Kolkata (GMT+5:30)"
"2019-08-13 05:40:00","35.21","117.35","100","Asia/Kolkata (GMT+5:30)"
"2019-08-13 05:50:00","27.63","92.1","100","Asia/Kolkata (GMT+5:30)"
"2019-08-13 06:00:00","25.3","84.33","100","Asia/Kolkata (GMT+5:30)"
"2019-08-13 06:10:00","25.69","85.63","100","Asia/Kolkata (GMT+5:30)"
"2019-08-13 06:20:00","19.67","65.55","100","Asia/Kolkata (GMT+5:30)"
"2019-08-13 06:30:00","21.34","71.15","100","Asia/Kolkata (GMT+5:30)"
"2019-08-13 06:40:00","18.75","62.5","100","Asia/Kolkata (GMT+5:30)"
"2019-08-13 06:50:00","14.51","48.35","100","Asia/Kolkata (GMT+5:30)"
"2019-08-13 07:00:00","17.18","57.27","100","Asia/Kolkata (GMT+5:30)"
"2019-08-13 07:10:00","20.42","68.05","100","Asia/Kolkata (GMT+5:30)"
"2019-08-13 07:20:00","25.33","84.45","100","Asia/Kolkata (GMT+5:30)"
"2019-08-13 07:30:00","18.49","61.62","100","Asia/Kolkata (GMT+5:30)"
"2019-08-13 07:40:00","13.62","45.4","100","Asia/Kolkata (GMT+5:30)"
"2019-08-13 07:50:00","9.73","32.45","100","Asia/Kolkata (GMT+5:30)"
"2019-08-13 08:00:00","9.96","33.2","100","Asia/Kolkata (GMT+5:30)"
"2019-08-13 08:10:00","11.9","39.67","100","Asia/Kolkata (GMT+5:30)"
"2019-08-13 08:20:00","11.07","36.9","100","Asia/Kolkata (GMT+5:30)"
"2019-08-13 08:30:00","14.22","47.38","100","Asia/Kolkata (GMT+5:30)"
"2019-08-13 08:40:00","19.82","66.07","100","Asia/Kolkata (GMT+5:30)"
"2019-08-13 08:50:00","11.74","39.13","100","Asia/Kolkata (GMT+5:30)"
"2019-08-13 09:00:00","21.9","72.98","100","Asia/Kolkata (GMT+5:30)"
"2019-08-13 09:10:00","28.17","93.92","100","Asia/Kolkata (GMT+5:30)"
"2019-08-13 09:20:00","23.74","79.12","100","Asia/Kolkata (GMT+5:30)"
"2019-08-13 09:30:00","30.65","102.17","100","Asia/Kolkata (GMT+5:30)"
"2019-08-13 09:40:00","28.74","95.78","100","Asia/Kolkata (GMT+5:30)"
"2019-08-13 09:50:00","29.89","99.62","100","Asia/Kolkata (GMT+5:30)"
"2019-08-13 10:00:00","42.11","140.37","100","Asia/Kolkata (GMT+5:30)"
"2019-08-13 10:10:00","56.68","188.93","100","Asia/Kolkata (GMT+5:30)"
"2019-08-13 10:20:00","49.21","164.02","100","Asia/Kolkata (GMT+5:30)"
"2019-08-13 10:30:00","48.22","160.73","100","Asia/Kolkata (GMT+5:30)"
"2019-08-13 10:40:00","44.61","148.7","100","Asia/Kolkata (GMT+5:30)"
"2019-08-13 10:50:00","48.6","162.02","100","Asia/Kolkata (GMT+5:30)"
"2019-08-13 11:00:00","58.65","195.52","100","Asia/Kolkata (GMT+5:30)"
"2019-08-13 11:10:00","72.06","240.18","100","Asia/Kolkata (GMT+5:30)"
"2019-08-13 11:20:00","66.75","222.5","100","Asia/Kolkata (GMT+5:30)"
"2019-08-13 11:30:00","60.06","200.22","100","Asia/Kolkata (GMT+5:30)"
"2019-08-13 11:40:00","51.94","173.15","100","Asia/Kolkata (GMT+5:30)"
"2019-08-13 11:50:00","55.6","185.35","100","Asia/Kolkata (GMT+5:30)"
"2019-08-13 12:00:00","58.24","194.15","100","Asia/Kolkata (GMT+5:30)"
"2019-08-13 12:10:00","45.74","152.48","100","Asia/Kolkata (GMT+5:30)"
"2019-08-13 12:20:00","35.24","117.48","100","Asia/Kolkata (GMT+5:30)"
"2019-08-13 12:30:00","36.28","120.93","100","Asia/Kolkata (GMT+5:30)"
"2019-08-13 12:40:00","34.79","115.98","100","Asia/Kolkata (GMT+5:30)"
"2019-08-13 12:50:00","44.62","148.73","100","Asia/Kolkata (GMT+5:30)"
"2019-08-13 13:00:00","53.24","177.47","100","Asia/Kolkata (GMT+5:30)"
"2019-08-13 13:10:00","33.78","112.6","100","Asia/Kolkata (GMT+5:30)"
"2019-08-13 13:20:00","46.22","154.08","100","Asia/Kolkata (GMT+5:30)"
"2019-08-13 13:30:00","58.19","193.98","100","Asia/Kolkata (GMT+5:30)"
"2019-08-13 13:40:00","59.92","199.73","100","Asia/Kolkata (GMT+5:30)"
"2019-08-13 13:50:00","65.02","216.73","100","Asia/Kolkata (GMT+5:30)"
"2019-08-13 14:00:00","54.61","182.03","100","Asia/Kolkata (GMT+5:30)"
"2019-08-13 14:10:00","52.5","175","100","Asia/Kolkata (GMT+5:30)"
"2019-08-13 14:20:00","55.29","184.3","100","Asia/Kolkata (GMT+5:30)"
"2019-08-13 14:30:00","52.35","174.5","100","Asia/Kolkata (GMT+5:30)"
"2019-08-13 14:40:00","40.15","133.82","100","Asia/Kolkata (GMT+5:30)"
"2019-08-13 14:50:00","38.54","128.48","100","Asia/Kolkata (GMT+5:30)"
"2019-08-13 15:00:00","34.42","114.72","100","Asia/Kolkata (GMT+5:30)"
"2019-08-13 15:10:00","34.01","113.35","100","Asia/Kolkata (GMT+5:30)"
"2019-08-13 15:20:00","46.06","153.52","100","Asia/Kolkata (GMT+5:30)"
"2019-08-13 15:30:00","52.21","174.03","100","Asia/Kolkata (GMT+5:30)"
"2019-08-13 15:40:00","50.4","167.98","100","Asia/Kolkata (GMT+5:30)"
"2019-08-13 15:50:00","38.59","128.63","100","Asia/Kolkata (GMT+5:30)"
"2019-08-13 16:00:00","33.31","111.03","100","Asia/Kolkata (GMT+5:30)"
"2019-08-13 16:10:00","49.76","165.88","100","Asia/Kolkata (GMT+5:30)"
"2019-08-13 16:20:00","29.21","97.37","100","Asia/Kolkata (GMT+5:30)"
"2019-08-13 16:30:00","29.76","99.22","100","Asia/Kolkata (GMT+5:30)"
"2019-08-13 16:40:00","31.38","104.58","100","Asia/Kolkata (GMT+5:30)"
"2019-08-13 16:50:00","39.67","132.22","100","Asia/Kolkata (GMT+5:30)"
"2019-08-13 17:00:00","40.06","133.53","100","Asia/Kolkata (GMT+5:30)"
"2019-08-13 17:10:00","36.16","120.53","100","Asia/Kolkata (GMT+5:30)"
"2019-08-13 17:20:00","31.26","104.22","100","Asia/Kolkata (GMT+5:30)"
"2019-08-13 17:30:00","38.59","128.63","100","Asia/Kolkata (GMT+5:30)"
"2019-08-13 17:40:00","41.31","137.7","100","Asia/Kolkata (GMT+5:30)"
"2019-08-13 17:50:00","43.41","144.7","100","Asia/Kolkata (GMT+5:30)"
"2019-08-13 18:00:00","36.62","122.05","100","Asia/Kolkata (GMT+5:30)"
"2019-08-13 18:10:00","32.47","108.25","100","Asia/Kolkata (GMT+5:30)"
"2019-08-13 18:20:00","38.99","129.97","100","Asia/Kolkata (GMT+5:30)"
"2019-08-13 18:30:00","51.35","171.15","100","Asia/Kolkata (GMT+5:30)"
"2019-08-13 18:40:00","52.08","173.58","100","Asia/Kolkata (GMT+5:30)"
"2019-08-13 18:50:00","38.03","126.77","100","Asia/Kolkata (GMT+5:30)"
"2019-08-13 19:00:00","45.4","151.32","100","Asia/Kolkata (GMT+5:30)"
"2019-08-13 19:10:00","38.82","129.4","100","Asia/Kolkata (GMT+5:30)"
"2019-08-13 19:20:00","42.86","142.87","100","Asia/Kolkata (GMT+5:30)"
"2019-08-13 19:30:00","33.78","112.62","100","Asia/Kolkata (GMT+5:30)"
"2019-08-13 19:40:00","34.72","115.73","100","Asia/Kolkata (GMT+5:30)"
"2019-08-13 19:50:00","40.01","133.37","100","Asia/Kolkata (GMT+5:30)"
"2019-08-13 20:00:00","32.83","109.43","100","Asia/Kolkata (GMT+5:30)"
"2019-08-13 20:10:00","34.99","116.65","100","Asia/Kolkata (GMT+5:30)"
"2019-08-13 20:20:00","40.29","134.3","100","Asia/Kolkata (GMT+5:30)"
"2019-08-13 20:30:00","49.94","166.45","100","Asia/Kolkata (GMT+5:30)"
"2019-08-13 20:40:00","38.9","129.65","100","Asia/Kolkata (GMT+5:30)"
"2019-08-13 20:50:00","33.76","112.53","100","Asia/Kolkata (GMT+5:30)"
"2019-08-13 21:00:00","37.01","123.35","100","Asia/Kolkata (GMT+5:30)"
"2019-08-13 21:10:00","32.69","108.97","100","Asia/Kolkata (GMT+5:30)"
"2019-08-13 21:20:00","39.94","133.12","100","Asia/Kolkata (GMT+5:30)"
"2019-08-13 21:30:00","38.56","128.52","100","Asia/Kolkata (GMT+5:30)"
"2019-08-13 21:40:00","35.31","117.72","100","Asia/Kolkata (GMT+5:30)"
"2019-08-13 21:50:00","30.09","100.32","100","Asia/Kolkata (GMT+5:30)"
"2019-08-13 22:00:00","30.56","101.85","100","Asia/Kolkata (GMT+5:30)"
"2019-08-13 22:10:00","29.01","96.7","100","Asia/Kolkata (GMT+5:30)"
"2019-08-13 22:20:00","33.48","111.6","100","Asia/Kolkata (GMT+5:30)"
"2019-08-13 22:30:00","25.11","83.7","100","Asia/Kolkata (GMT+5:30)"
"2019-08-13 22:40:00","33.62","112.05","100","Asia/Kolkata (GMT+5:30)"
"2019-08-13 22:50:00","41.5","138.33","100","Asia/Kolkata (GMT+5:30)"
"2019-08-13 23:00:00","50.09","166.97","100","Asia/Kolkata (GMT+5:30)"
"2019-08-13 23:10:00","44.43","148.1","100","Asia/Kolkata (GMT+5:30)"
"2019-08-13 23:20:00","27","89.98","100","Asia/Kolkata (GMT+5:30)"
"2019-08-13 23:30:00","22.9","76.32","100","Asia/Kolkata (GMT+5:30)"
"2019-08-13 23:40:00","20.2","67.33","100","Asia/Kolkata (GMT+5:30)"
"2019-08-13 23:50:00","16.11","53.72","100","Asia/Kolkata (GMT+5:30)"
"2019-08-14 00:00:00","17.69","58.98","100","Asia/Kolkata (GMT+5:30)"
"2019-08-14 00:10:00","14.31","47.68","100","Asia/Kolkata (GMT+5:30)"
"2019-08-14 00:20:00","15.43","51.42","100","Asia/Kolkata (GMT+5:30)"
"2019-08-14 00:30:00","9.63","32.1","100","Asia/Kolkata (GMT+5:30)"
"2019-08-14 00:40:00","8.44","28.13","100","Asia/Kolkata (GMT+5:30)"
"2019-08-14 00:50:00","13.43","44.77","100","Asia/Kolkata (GMT+5:30)"
"2019-08-14 01:00:00","13.18","43.93","100","Asia/Kolkata (GMT+5:30)"
"2019-08-14 01:10:00","14.15","47.15","100","Asia/Kolkata (GMT+5:30)"
"2019-08-14 01:20:00","19.59","65.3","100","Asia/Kolkata (GMT+5:30)"
"2019-08-14 01:30:00","18.52","61.73","100","Asia/Kolkata (GMT+5:30)"
"2019-08-14 01:40:00","15.17","50.57","100","Asia/Kolkata (GMT+5:30)"
"2019-08-14 01:50:00","13.43","44.75","100","Asia/Kolkata (GMT+5:30)"
"2019-08-14 02:00:00","13.55","45.17","100","Asia/Kolkata (GMT+5:30)"
"2019-08-14 02:10:00","13.82","46.07","100","Asia/Kolkata (GMT+5:30)"
"2019-08-14 02:20:00","14.06","46.88","100","Asia/Kolkata (GMT+5:30)"
"2019-08-14 02:30:00","15.04","50.13","100","Asia/Kolkata (GMT+5:30)"
"2019-08-14 02:40:00","18.26","60.87","100","Asia/Kolkata (GMT+5:30)"
"2019-08-14 02:50:00","19.69","65.65","100","Asia/Kolkata (GMT+5:30)"
"2019-08-14 03:00:00","23.42","78.08","100","Asia/Kolkata (GMT+5:30)"
"2019-08-14 03:10:00","27.82","92.73","100","Asia/Kolkata (GMT+5:30)"
"2019-08-14 03:20:00","30.24","100.8","100","Asia/Kolkata (GMT+5:30)"
"2019-08-14 03:30:00","28.49","94.97","100","Asia/Kolkata (GMT+5:30)"
"2019-08-14 03:40:00","27.64","92.13","100","Asia/Kolkata (GMT+5:30)"
"2019-08-14 03:50:00","25.41","84.7","100","Asia/Kolkata (GMT+5:30)"
"2019-08-14 04:00:00","31.95","106.5","100","Asia/Kolkata (GMT+5:30)"
"2019-08-14 04:10:00","36.51","121.72","100","Asia/Kolkata (GMT+5:30)"
"2019-08-14 04:20:00","42.9","143","100","Asia/Kolkata (GMT+5:30)"
"2019-08-14 04:30:00","33.57","111.9","100","Asia/Kolkata (GMT+5:30)"
"2019-08-14 04:40:00","29.49","98.3","100","Asia/Kolkata (GMT+5:30)"
"2019-08-14 04:50:00","34.56","115.22","100","Asia/Kolkata (GMT+5:30)"
"2019-08-14 05:00:00","35.09","116.97","100","Asia/Kolkata (GMT+5:30)"
"2019-08-14 05:10:00","25.06","83.53","100","Asia/Kolkata (GMT+5:30)"
"2019-08-14 05:20:00","31.85","106.17","100","Asia/Kolkata (GMT+5:30)"
"2019-08-14 05:30:00","32.03","106.77","100","Asia/Kolkata (GMT+5:30)"
"2019-08-14 05:40:00","31.28","104.28","100","Asia/Kolkata (GMT+5:30)"
"2019-08-14 05:50:00","28.02","93.42","100","Asia/Kolkata (GMT+5:30)"
"2019-08-14 06:00:00","27.77","92.57","100","Asia/Kolkata (GMT+5:30)"
"2019-08-14 06:10:00","30.66","102.2","100","Asia/Kolkata (GMT+5:30)"
"2019-08-14 06:20:00","25.33","84.45","100","Asia/Kolkata (GMT+5:30)"
"2019-08-14 06:30:00","22.47","74.88","100","Asia/Kolkata (GMT+5:30)"
"2019-08-14 06:40:00","23.87","79.57","100","Asia/Kolkata (GMT+5:30)"
"2019-08-14 06:50:00","23.91","79.7","100","Asia/Kolkata (GMT+5:30)"
"2019-08-14 07:00:00","18.19","60.63","100","Asia/Kolkata (GMT+5:30)"
"2019-08-14 07:10:00","12.14","40.45","100","Asia/Kolkata (GMT+5:30)"
"2019-08-14 07:20:00","10.14","33.8","100","Asia/Kolkata (GMT+5:30)"
"2019-08-14 07:30:00","10.12","33.73","100","Asia/Kolkata (GMT+5:30)"
"2019-08-14 07:40:00","21.11","70.37","100","Asia/Kolkata (GMT+5:30)"
"2019-08-14 07:50:00","20.34","67.8","100","Asia/Kolkata (GMT+5:30)"
"2019-08-14 08:00:00","23.18","77.28","100","Asia/Kolkata (GMT+5:30)"
"2019-08-14 08:10:00","20.19","67.3","100","Asia/Kolkata (GMT+5:30)"
"2019-08-14 08:20:00","21.78","72.62","100","Asia/Kolkata (GMT+5:30)"
"2019-08-14 08:30:00","16.7","55.68","100","Asia/Kolkata (GMT+5:30)"
"2019-08-14 08:40:00","83.86","279.53","100","Asia/Kolkata (GMT+5:30)"
"2019-08-14 08:50:00","77.61","258.68","100","Asia/Kolkata (GMT+5:30)"
"2019-08-14 09:00:00","35.74","119.13","100","Asia/Kolkata (GMT+5:30)"
"2019-08-14 09:10:00","38.91","129.7","100","Asia/Kolkata (GMT+5:30)"
"2019-08-14 09:20:00","55.47","184.88","100","Asia/Kolkata (GMT+5:30)"
"2019-08-14 09:30:00","54.65","182.15","100","Asia/Kolkata (GMT+5:30)"
"2019-08-14 09:40:00","52.97","176.58","100","Asia/Kolkata (GMT+5:30)"
"2019-08-14 09:50:00","42.63","142.1","100","Asia/Kolkata (GMT+5:30)"
"2019-08-14 10:00:00","45.78","152.58","100","Asia/Kolkata (GMT+5:30)"
"2019-08-14 10:10:00","40.51","135.03","100","Asia/Kolkata (GMT+5:30)"
"2019-08-14 10:20:00","35.7","119","100","Asia/Kolkata (GMT+5:30)"
"2019-08-14 10:30:00","46.49","154.97","100","Asia/Kolkata (GMT+5:30)"
"2019-08-14 10:40:00","76.07","253.55","100","Asia/Kolkata (GMT+5:30)"
"2019-08-14 10:50:00","40.27","134.23","100","Asia/Kolkata (GMT+5:30)"
"2019-08-14 11:00:00","37.11","123.7","100","Asia/Kolkata (GMT+5:30)"
"2019-08-14 11:10:00","47.09","156.97","100","Asia/Kolkata (GMT+5:30)"
"2019-08-14 11:20:00","61.45","204.83","100","Asia/Kolkata (GMT+5:30)"
"2019-08-14 11:30:00","67.89","226.3","100","Asia/Kolkata (GMT+5:30)"
"2019-08-14 11:40:00","56.82","189.4","100","Asia/Kolkata (GMT+5:30)"
"2019-08-14 11:50:00","100.01","333.37","100","Asia/Kolkata (GMT+5:30)"
"2019-08-14 12:00:00","91.09","303.63","100","Asia/Kolkata (GMT+5:30)"
"2019-08-14 12:10:00","91.75","305.82","100","Asia/Kolkata (GMT+5:30)"
"2019-08-14 12:20:00","84.29","280.95","100","Asia/Kolkata (GMT+5:30)"
"2019-08-14 12:30:00","69.54","231.78","100","Asia/Kolkata (GMT+5:30)"
"2019-08-14 12:40:00","60.48","201.6","100","Asia/Kolkata (GMT+5:30)"
"2019-08-14 12:50:00","58.37","194.55","100","Asia/Kolkata (GMT+5:30)"
"2019-08-14 13:00:00","53.22","177.4","100","Asia/Kolkata (GMT+5:30)"
"2019-08-14 13:10:00","69.78","232.58","100","Asia/Kolkata (GMT+5:30)"
"2019-08-14 13:20:00","77.06","256.87","100","Asia/Kolkata (GMT+5:30)"
"2019-08-14 13:30:00","68.25","227.48","100","Asia/Kolkata (GMT+5:30)"
"2019-08-14 13:40:00","84.47","281.57","100","Asia/Kolkata (GMT+5:30)"
"2019-08-14 13:50:00","97.79","325.95","100","Asia/Kolkata (GMT+5:30)"
"2019-08-14 14:00:00","98.29","327.62","100","Asia/Kolkata (GMT+5:30)"
"2019-08-14 14:10:00","95.87","319.57","100","Asia/Kolkata (GMT+5:30)"
"2019-08-14 14:20:00","73.47","244.9","100","Asia/Kolkata (GMT+5:30)"
"2019-08-14 14:30:00","57.75","192.5","100","Asia/Kolkata (GMT+5:30)"
"2019-08-14 14:40:00","41.33","137.78","100","Asia/Kolkata (GMT+5:30)"
"2019-08-14 14:50:00","33.33","111.12","100","Asia/Kolkata (GMT+5:30)"
"2019-08-14 15:00:00","26.23","87.42","100","Asia/Kolkata (GMT+5:30)"
"2019-08-14 15:10:00","35.74","119.13","100","Asia/Kolkata (GMT+5:30)"
"2019-08-14 15:20:00","44.24","147.45","100","Asia/Kolkata (GMT+5:30)"
"2019-08-14 15:30:00","38.82","129.4","100","Asia/Kolkata (GMT+5:30)"
"2019-08-14 15:40:00","40.1","133.65","100","Asia/Kolkata (GMT+5:30)"
"2019-08-14 15:50:00","30.89","102.95","100","Asia/Kolkata (GMT+5:30)"
"2019-08-14 16:00:00","28.92","96.42","100","Asia/Kolkata (GMT+5:30)"
"2019-08-14 16:10:00","30.17","100.55","100","Asia/Kolkata (GMT+5:30)"
"2019-08-14 16:20:00","32.58","108.6","100","Asia/Kolkata (GMT+5:30)"
"2019-08-14 16:30:00","70.9","236.33","100","Asia/Kolkata (GMT+5:30)"
"2019-08-14 16:40:00","69.82","232.75","100","Asia/Kolkata (GMT+5:30)"
"2019-08-14 16:50:00","53.42","178.08","100","Asia/Kolkata (GMT+5:30)"
"2019-08-14 17:00:00","23.92","79.73","100","Asia/Kolkata (GMT+5:30)"
"2019-08-14 17:10:00","38.47","128.22","100","Asia/Kolkata (GMT+5:30)"
"2019-08-14 17:20:00","39.87","132.9","100","Asia/Kolkata (GMT+5:30)"
"2019-08-14 17:30:00","33.88","112.92","100","Asia/Kolkata (GMT+5:30)"
"2019-08-14 17:40:00","28.31","94.35","100","Asia/Kolkata (GMT+5:30)"
"2019-08-14 17:50:00","30.94","103.15","100","Asia/Kolkata (GMT+5:30)"
"2019-08-14 18:00:00","52.58","175.27","100","Asia/Kolkata (GMT+5:30)"
"2019-08-14 18:10:00","43.58","145.28","100","Asia/Kolkata (GMT+5:30)"
"2019-08-14 18:20:00","37.72","125.75","100","Asia/Kolkata (GMT+5:30)"
"2019-08-14 18:30:00","36.35","121.17","100","Asia/Kolkata (GMT+5:30)"
"2019-08-14 18:40:00","50.29","167.63","100","Asia/Kolkata (GMT+5:30)"
"2019-08-14 18:50:00","44.1","147.02","100","Asia/Kolkata (GMT+5:30)"
"2019-08-14 19:00:00","34.56","115.22","100","Asia/Kolkata (GMT+5:30)"
"2019-08-14 19:10:00","22.56","75.2","100","Asia/Kolkata (GMT+5:30)"
"2019-08-14 19:20:00","20.59","68.63","100","Asia/Kolkata (GMT+5:30)"
"2019-08-14 19:30:00","32.5","108.33","100","Asia/Kolkata (GMT+5:30)"
"2019-08-14 19:40:00","30.42","101.4","100","Asia/Kolkata (GMT+5:30)"
"2019-08-14 19:50:00","26.32","87.72","100","Asia/Kolkata (GMT+5:30)"
"2019-08-14 20:00:00","22.75","75.85","100","Asia/Kolkata (GMT+5:30)"
"2019-08-14 20:10:00","24.05","80.17","100","Asia/Kolkata (GMT+5:30)"
"2019-08-14 20:20:00","22.41","74.68","100","Asia/Kolkata (GMT+5:30)"
"2019-08-14 20:30:00","21.26","70.87","100","Asia/Kolkata (GMT+5:30)"
"2019-08-14 20:40:00","30.61","102.03","100","Asia/Kolkata (GMT+5:30)"
"2019-08-14 20:50:00","24.93","83.1","100","Asia/Kolkata (GMT+5:30)"
"2019-08-14 21:00:00","17.26","57.53","100","Asia/Kolkata (GMT+5:30)"
"2019-08-14 21:10:00","16.16","53.87","100","Asia/Kolkata (GMT+5:30)"
"2019-08-14 21:20:00","25.94","86.47","100","Asia/Kolkata (GMT+5:30)"
"2019-08-14 21:30:00","31.51","105.05","100","Asia/Kolkata (GMT+5:30)"
"2019-08-14 21:40:00","34.85","116.18","100","Asia/Kolkata (GMT+5:30)"
"2019-08-14 21:50:00","42.42","141.42","100","Asia/Kolkata (GMT+5:30)"
"2019-08-14 22:00:00","36.97","123.23","0","Asia/Kolkata (GMT+5:30)"
"2019-08-14 22:10:00","26.84","89.47","0","Asia/Kolkata (GMT+5:30)"
"2019-08-14 22:20:00","31.67","105.58","0","Asia/Kolkata (GMT+5:30)"
"2019-08-14 22:30:00","43.74","145.78","0","Asia/Kolkata (GMT+5:30)"
"2019-08-14 22:40:00","49.41","164.7","0","Asia/Kolkata (GMT+5:30)"
"2019-08-14 22:50:00","38.96","129.85","0","Asia/Kolkata (GMT+5:30)"
"2019-08-14 23:00:00","46.14","153.8","0","Asia/Kolkata (GMT+5:30)"
"2019-08-14 23:10:00","49.02","163.4","0","Asia/Kolkata (GMT+5:30)"
"2019-08-14 23:20:00","49.94","166.47","0","Asia/Kolkata (GMT+5:30)"
"2019-08-14 23:30:00","38.47","128.25","0","Asia/Kolkata (GMT+5:30)"
"2019-08-14 23:40:00","33.24","110.82","0","Asia/Kolkata (GMT+5:30)"
"2019-08-14 23:50:00","28.43","94.77","0","Asia/Kolkata (GMT+5:30)"
"2019-08-15 00:00:00","28.24","94.12","0","Asia/Kolkata (GMT+5:30)"
"2019-08-15 00:10:00","30.24","100.78","0","Asia/Kolkata (GMT+5:30)"
"2019-08-15 00:20:00","33.49","111.65","0","Asia/Kolkata (GMT+5:30)"
"2019-08-15 00:30:00","31.69","105.65","0","Asia/Kolkata (GMT+5:30)"
"2019-08-15 00:40:00","35.33","117.78","0","Asia/Kolkata (GMT+5:30)"
"2019-08-15 00:50:00","35.92","119.75","0","Asia/Kolkata (GMT+5:30)"
"2019-08-15 01:00:00","34.36","114.53","0","Asia/Kolkata (GMT+5:30)"
"2019-08-15 01:10:00","34.26","114.2","0","Asia/Kolkata (GMT+5:30)"
"2019-08-15 01:20:00","40.42","134.73","0","Asia/Kolkata (GMT+5:30)"
"2019-08-15 01:30:00","35.65","118.83","0","Asia/Kolkata (GMT+5:30)"
"2019-08-15 01:40:00","34.69","115.65","0","Asia/Kolkata (GMT+5:30)"
"2019-08-15 01:50:00","30.13","100.43","0","Asia/Kolkata (GMT+5:30)"
"2019-08-15 02:00:00","26.41","88.03","0","Asia/Kolkata (GMT+5:30)"
"2019-08-15 02:10:00","22.89","76.28","0","Asia/Kolkata (GMT+5:30)"
"2019-08-15 02:20:00","20.77","69.25","0","Asia/Kolkata (GMT+5:30)"
"2019-08-15 02:30:00","20.28","67.6","100","Asia/Kolkata (GMT+5:30)"
"2019-08-15 02:40:00","17.52","58.42","100","Asia/Kolkata (GMT+5:30)"
"2019-08-15 02:50:00","21.51","71.7","100","Asia/Kolkata (GMT+5:30)"
"2019-08-15 03:00:00","20.73","69.1","100","Asia/Kolkata (GMT+5:30)"
"2019-08-15 03:10:00","22.52","75.08","100","Asia/Kolkata (GMT+5:30)"
"2019-08-15 03:20:00","22.42","74.72","100","Asia/Kolkata (GMT+5:30)"
"2019-08-15 03:30:00","25.63","85.42","100","Asia/Kolkata (GMT+5:30)"
"2019-08-15 03:40:00","27.62","92.07","100","Asia/Kolkata (GMT+5:30)"
"2019-08-15 03:50:00","38.08","126.93","100","Asia/Kolkata (GMT+5:30)"
"2019-08-15 04:00:00","37.62","125.4","100","Asia/Kolkata (GMT+5:30)"
"2019-08-15 04:10:00","30.04","100.13","100","Asia/Kolkata (GMT+5:30)"
"2019-08-15 04:20:00","30.06","100.2","100","Asia/Kolkata (GMT+5:30)"
"2019-08-15 04:30:00","35.97","119.92","100","Asia/Kolkata (GMT+5:30)"
"2019-08-15 04:40:00","37.88","126.27","100","Asia/Kolkata (GMT+5:30)"
"2019-08-15 04:50:00","45.06","150.22","100","Asia/Kolkata (GMT+5:30)"
"2019-08-15 05:00:00","47.26","157.55","100","Asia/Kolkata (GMT+5:30)"
"2019-08-15 05:10:00","48.19","160.63","100","Asia/Kolkata (GMT+5:30)"
"2019-08-15 05:20:00","43.39","144.63","100","Asia/Kolkata (GMT+5:30)"
"2019-08-15 05:30:00","30.88","102.92","100","Asia/Kolkata (GMT+5:30)"
"2019-08-15 05:40:00","32.81","109.35","100","Asia/Kolkata (GMT+5:30)"
"2019-08-15 05:50:00","36.94","123.12","100","Asia/Kolkata (GMT+5:30)"
"2019-08-15 06:00:00","30.24","100.78","100","Asia/Kolkata (GMT+5:30)"
"2019-08-15 06:10:00","21.42","71.4","100","Asia/Kolkata (GMT+5:30)"
"2019-08-15 06:20:00","28.74","95.8","100","Asia/Kolkata (GMT+5:30)"
"2019-08-15 06:30:00","30.76","102.53","100","Asia/Kolkata (GMT+5:30)"
"2019-08-15 06:40:00","17.9","59.65","100","Asia/Kolkata (GMT+5:30)"
"2019-08-15 06:50:00","27.79","92.63","100","Asia/Kolkata (GMT+5:30)"
"2019-08-15 07:00:00","24.65","82.17","100","Asia/Kolkata (GMT+5:30)"
"2019-08-15 07:10:00","26.02","86.75","100","Asia/Kolkata (GMT+5:30)"
"2019-08-15 07:20:00","18.69","62.3","100","Asia/Kolkata (GMT+5:30)"
"2019-08-15 07:30:00","25","83.33","100","Asia/Kolkata (GMT+5:30)"
"2019-08-15 07:40:00","23.18","77.28","100","Asia/Kolkata (GMT+5:30)"
"2019-08-15 07:50:00","21.21","70.7","100","Asia/Kolkata (GMT+5:30)"
"2019-08-15 08:00:00","16.59","55.3","100","Asia/Kolkata (GMT+5:30)"
"2019-08-15 08:10:00","10.27","34.22","100","Asia/Kolkata (GMT+5:30)"
"2019-08-15 08:20:00","12.21","40.7","100","Asia/Kolkata (GMT+5:30)"
"2019-08-15 08:30:00","9.31","31.03","100","Asia/Kolkata (GMT+5:30)"
"2019-08-15 08:40:00","13.82","46.07","100","Asia/Kolkata (GMT+5:30)"
"2019-08-15 08:50:00","11.98","39.93","100","Asia/Kolkata (GMT+5:30)"
"2019-08-15 09:00:00","7.51","25.03","100","Asia/Kolkata (GMT+5:30)"
"2019-08-15 09:10:00","14.19","47.32","100","Asia/Kolkata (GMT+5:30)"
"2019-08-15 09:20:00","17.96","59.87","100","Asia/Kolkata (GMT+5:30)"
"2019-08-15 09:30:00","14.22","47.4","100","Asia/Kolkata (GMT+5:30)"
"2019-08-15 09:40:00","25.54","85.13","100","Asia/Kolkata (GMT+5:30)"
"2019-08-15 09:50:00","19.73","65.77","100","Asia/Kolkata (GMT+5:30)"
"2019-08-15 10:00:00","25.84","86.15","100","Asia/Kolkata (GMT+5:30)"
"2019-08-15 10:10:00","26.36","87.88","100","Asia/Kolkata (GMT+5:30)"
"2019-08-15 10:20:00","36.22","120.73","100","Asia/Kolkata (GMT+5:30)"
"2019-08-15 10:30:00","29.01","96.72","100","Asia/Kolkata (GMT+5:30)"
"2019-08-15 10:40:00","47.39","157.97","100","Asia/Kolkata (GMT+5:30)"
"2019-08-15 10:50:00","29.4","97.98","100","Asia/Kolkata (GMT+5:30)"
"2019-08-15 11:00:00","27.08","90.25","100","Asia/Kolkata (GMT+5:30)"
"2019-08-15 11:10:00","23.72","79.05","100","Asia/Kolkata (GMT+5:30)"
"2019-08-15 11:20:00","36.23","120.77","100","Asia/Kolkata (GMT+5:30)"
"2019-08-15 11:30:00","26.83","89.43","100","Asia/Kolkata (GMT+5:30)"
"2019-08-15 11:40:00","43.28","144.28","100","Asia/Kolkata (GMT+5:30)"
"2019-08-15 11:50:00","54.33","181.1","100","Asia/Kolkata (GMT+5:30)"
"2019-08-15 12:00:00","67.21","224.02","100","Asia/Kolkata (GMT+5:30)"
"2019-08-15 12:10:00","56.51","188.37","100","Asia/Kolkata (GMT+5:30)"
"2019-08-15 12:20:00","56.26","187.55","100","Asia/Kolkata (GMT+5:30)"
"2019-08-15 12:30:00","50.68","168.93","100","Asia/Kolkata (GMT+5:30)"
"2019-08-15 12:40:00","48.49","161.62","100","Asia/Kolkata (GMT+5:30)"
"2019-08-15 12:50:00","36.78","122.62","100","Asia/Kolkata (GMT+5:30)"
"2019-08-15 13:00:00","33.86","112.87","100","Asia/Kolkata (GMT+5:30)"
"2019-08-15 13:10:00","49.51","165.02","100","Asia/Kolkata (GMT+5:30)"
"2019-08-15 13:20:00","49.33","164.45","100","Asia/Kolkata (GMT+5:30)"
"2019-08-15 13:30:00","45.22","150.72","100","Asia/Kolkata (GMT+5:30)"
"2019-08-15 13:40:00","49.45","164.83","100","Asia/Kolkata (GMT+5:30)"
"2019-08-15 13:50:00","46.66","155.53","100","Asia/Kolkata (GMT+5:30)"
"2019-08-15 14:00:00","39.55","131.83","100","Asia/Kolkata (GMT+5:30)"
"2019-08-15 14:10:00","44.01","146.7","100","Asia/Kolkata (GMT+5:30)"
"2019-08-15 14:20:00","46.72","155.72","100","Asia/Kolkata (GMT+5:30)"
"2019-08-15 14:30:00","61.46","204.87","100","Asia/Kolkata (GMT+5:30)"
"2019-08-15 14:40:00","56.64","188.8","100","Asia/Kolkata (GMT+5:30)"
"2019-08-15 14:50:00","31","103.33","100","Asia/Kolkata (GMT+5:30)"
"2019-08-15 15:00:00","46.35","154.5","100","Asia/Kolkata (GMT+5:30)"
"2019-08-15 15:10:00","50.15","167.15","100","Asia/Kolkata (GMT+5:30)"
"2019-08-15 15:20:00","52.66","175.53","100","Asia/Kolkata (GMT+5:30)"
"2019-08-15 15:30:00","50.63","168.75","100","Asia/Kolkata (GMT+5:30)"
"2019-08-15 15:40:00","45.29","150.98","100","Asia/Kolkata (GMT+5:30)"
"2019-08-15 15:50:00","51.5","171.67","100","Asia/Kolkata (GMT+5:30)"
"2019-08-15 16:00:00","47.73","159.1","100","Asia/Kolkata (GMT+5:30)"
"2019-08-15 16:10:00","41.16","137.2","100","Asia/Kolkata (GMT+5:30)"
"2019-08-15 16:20:00","35.51","118.38","100","Asia/Kolkata (GMT+5:30)"
"2019-08-15 16:30:00","30.01","100.05","100","Asia/Kolkata (GMT+5:30)"
"2019-08-15 16:40:00","37.14","123.8","100","Asia/Kolkata (GMT+5:30)"
"2019-08-15 16:50:00","34.46","114.87","100","Asia/Kolkata (GMT+5:30)"
"2019-08-15 17:00:00","29.83","99.42","100","Asia/Kolkata (GMT+5:30)"
"2019-08-15 17:10:00","31.18","103.93","100","Asia/Kolkata (GMT+5:30)"
"2019-08-15 17:20:00","31.06","103.53","100","Asia/Kolkata (GMT+5:30)"
"2019-08-15 17:30:00","31.95","106.52","100","Asia/Kolkata (GMT+5:30)"
"2019-08-15 17:40:00","30.59","101.98","100","Asia/Kolkata (GMT+5:30)"
"2019-08-15 17:50:00","32.65","108.82","100","Asia/Kolkata (GMT+5:30)"
"2019-08-15 18:00:00","36.03","120.12","100","Asia/Kolkata (GMT+5:30)"
"2019-08-15 18:10:00","27.11","90.37","100","Asia/Kolkata (GMT+5:30)"
"2019-08-15 18:20:00","25.44","84.8","100","Asia/Kolkata (GMT+5:30)"
"2019-08-15 18:30:00","22.43","74.77","100","Asia/Kolkata (GMT+5:30)"
"2019-08-15 18:40:00","26.42","88.07","100","Asia/Kolkata (GMT+5:30)"
"2019-08-15 18:50:00","24.78","82.62","100","Asia/Kolkata (GMT+5:30)"
"2019-08-15 19:00:00","25.5","84.98","100","Asia/Kolkata (GMT+5:30)"
"2019-08-15 19:10:00","29.9","99.65","100","Asia/Kolkata (GMT+5:30)"
"2019-08-15 19:20:00","24.07","80.23","100","Asia/Kolkata (GMT+5:30)"
"2019-08-15 19:30:00","29.41","98.03","100","Asia/Kolkata (GMT+5:30)"
"2019-08-15 19:40:00","33.65","112.15","100","Asia/Kolkata (GMT+5:30)"
"2019-08-15 19:50:00","31.42","104.75","100","Asia/Kolkata (GMT+5:30)"
"2019-08-15 20:00:00","31.17","103.9","100","Asia/Kolkata (GMT+5:30)"
"2019-08-15 20:10:00","33.76","112.52","100","Asia/Kolkata (GMT+5:30)"
"2019-08-15 20:20:00","37.12","123.73","100","Asia/Kolkata (GMT+5:30)"
"2019-08-15 20:30:00","41.46","138.18","100","Asia/Kolkata (GMT+5:30)"
"2019-08-15 20:40:00","38.1","126.98","100","Asia/Kolkata (GMT+5:30)"
"2019-08-15 20:50:00","38.08","126.95","100","Asia/Kolkata (GMT+5:30)"
"2019-08-15 21:00:00","39.69","132.28","100","Asia/Kolkata (GMT+5:30)"
"2019-08-15 21:10:00","43.03","143.43","100","Asia/Kolkata (GMT+5:30)"
"2019-08-15 21:20:00","51.67","172.23","100","Asia/Kolkata (GMT+5:30)"
"2019-08-15 21:30:00","66.04","220.15","100","Asia/Kolkata (GMT+5:30)"
"2019-08-15 21:40:00","57.98","193.27","100","Asia/Kolkata (GMT+5:30)"
"2019-08-15 21:50:00","52.43","174.77","100","Asia/Kolkata (GMT+5:30)"
"2019-08-15 22:00:00","48.03","160.1","100","Asia/Kolkata (GMT+5:30)"
"2019-08-15 22:10:00","46.35","154.5","100","Asia/Kolkata (GMT+5:30)"
"2019-08-15 22:20:00","47.35","157.83","100","Asia/Kolkata (GMT+5:30)"
"2019-08-15 22:30:00","47.68","158.93","100","Asia/Kolkata (GMT+5:30)"
"2019-08-15 22:40:00","51.71","172.37","100","Asia/Kolkata (GMT+5:30)"
"2019-08-15 22:50:00","48.83","162.78","100","Asia/Kolkata (GMT+5:30)"
"2019-08-15 23:00:00","49.17","163.9","100","Asia/Kolkata (GMT+5:30)"
"2019-08-15 23:10:00","58.5","195","100","Asia/Kolkata (GMT+5:30)"
"2019-08-15 23:20:00","59.74","199.13","100","Asia/Kolkata (GMT+5:30)"
"2019-08-15 23:30:00","58.91","196.37","100","Asia/Kolkata (GMT+5:30)"
"2019-08-15 23:40:00","49.67","165.55","100","Asia/Kolkata (GMT+5:30)"
"2019-08-15 23:50:00","35.53","118.42","100","Asia/Kolkata (GMT+5:30)"
"2019-08-16 00:00:00","23.58","78.58","100","Asia/Kolkata (GMT+5:30)"
"2019-08-16 00:10:00","20.98","69.93","100","Asia/Kolkata (GMT+5:30)"
"2019-08-16 00:20:00","13.27","44.23","100","Asia/Kolkata (GMT+5:30)"
"2019-08-16 00:30:00","15.69","52.32","100","Asia/Kolkata (GMT+5:30)"
"2019-08-16 00:40:00","12.47","41.55","100","Asia/Kolkata (GMT+5:30)"
"2019-08-16 00:50:00","9.31","31.03","100","Asia/Kolkata (GMT+5:30)"
"2019-08-16 01:00:00","7.22","24.07","100","Asia/Kolkata (GMT+5:30)"
"2019-08-16 01:10:00","5.53","18.42","100","Asia/Kolkata (GMT+5:30)"
"2019-08-16 01:20:00","10.6","35.32","100","Asia/Kolkata (GMT+5:30)"
"2019-08-16 01:30:00","22.84","76.15","100","Asia/Kolkata (GMT+5:30)"
"2019-08-16 01:40:00","26.17","87.22","100","Asia/Kolkata (GMT+5:30)"
"2019-08-16 01:50:00","36.29","120.98","100","Asia/Kolkata (GMT+5:30)"
"2019-08-16 02:00:00","51.55","171.83","100","Asia/Kolkata (GMT+5:30)"
"2019-08-16 02:10:00","59.28","197.58","100","Asia/Kolkata (GMT+5:30)"
"2019-08-16 02:20:00","40.86","136.2","100","Asia/Kolkata (GMT+5:30)"
"2019-08-16 02:30:00","36.74","122.45","100","Asia/Kolkata (GMT+5:30)"
"2019-08-16 02:40:00","35.96","119.87","100","Asia/Kolkata (GMT+5:30)"
"2019-08-16 02:50:00","31.8","106","100","Asia/Kolkata (GMT+5:30)"
"2019-08-16 03:00:00","38.42","128.07","100","Asia/Kolkata (GMT+5:30)"
"2019-08-16 03:10:00","31.65","105.5","100","Asia/Kolkata (GMT+5:30)"
"2019-08-16 03:20:00","37.97","126.57","100","Asia/Kolkata (GMT+5:30)"
"2019-08-16 03:30:00","53.28","177.62","100","Asia/Kolkata (GMT+5:30)"
"2019-08-16 03:40:00","88.75","295.82","100","Asia/Kolkata (GMT+5:30)"
"2019-08-16 03:50:00","90.14","300.47","100","Asia/Kolkata (GMT+5:30)"
"2019-08-16 04:00:00","75.63","252.1","100","Asia/Kolkata (GMT+5:30)"
"2019-08-16 04:10:00","68.11","227.03","100","Asia/Kolkata (GMT+5:30)"
"2019-08-16 04:20:00","82.25","274.18","100","Asia/Kolkata (GMT+5:30)"
"2019-08-16 04:30:00","88.5","295","100","Asia/Kolkata (GMT+5:30)"
"2019-08-16 04:40:00","66.94","223.15","100","Asia/Kolkata (GMT+5:30)"
"2019-08-16 04:50:00","45.64","152.13","100","Asia/Kolkata (GMT+5:30)"
"2019-08-16 05:00:00","19.01","63.37","100","Asia/Kolkata (GMT+5:30)"
"2019-08-16 05:10:00","23.33","77.78","100","Asia/Kolkata (GMT+5:30)"
"2019-08-16 05:20:00","36.62","122.07","100","Asia/Kolkata (GMT+5:30)"
"2019-08-16 05:30:00","39.17","130.57","100","Asia/Kolkata (GMT+5:30)"
"2019-08-16 05:40:00","36.4","121.32","100","Asia/Kolkata (GMT+5:30)"
"2019-08-16 05:50:00","34.4","114.68","100","Asia/Kolkata (GMT+5:30)"
"2019-08-16 06:00:00","29.05","96.83","100","Asia/Kolkata (GMT+5:30)"
"2019-08-16 06:10:00","26.24","87.47","100","Asia/Kolkata (GMT+5:30)"
"2019-08-16 06:20:00","28.93","96.43","100","Asia/Kolkata (GMT+5:30)"
"2019-08-16 06:30:00","43.14","143.8","100","Asia/Kolkata (GMT+5:30)"
"2019-08-16 06:40:00","27.81","92.68","100","Asia/Kolkata (GMT+5:30)"
"2019-08-16 06:50:00","23.11","77.05","100","Asia/Kolkata (GMT+5:30)"
"2019-08-16 07:00:00","19.73","65.77","100","Asia/Kolkata (GMT+5:30)"
"2019-08-16 07:10:00","16.58","55.27","100","Asia/Kolkata (GMT+5:30)"
"2019-08-16 07:20:00","21.83","72.78","100","Asia/Kolkata (GMT+5:30)"
"2019-08-16 07:30:00","26.83","89.43","100","Asia/Kolkata (GMT+5:30)"
"2019-08-16 07:40:00","30.08","100.25","100","Asia/Kolkata (GMT+5:30)"
"2019-08-16 07:50:00","40.31","134.38","100","Asia/Kolkata (GMT+5:30)"
"2019-08-16 08:00:00","45.24","150.78","100","Asia/Kolkata (GMT+5:30)"
"2019-08-16 08:10:00","40.6","135.33","100","Asia/Kolkata (GMT+5:30)"
"2019-08-16 08:20:00","31.01","103.38","100","Asia/Kolkata (GMT+5:30)"
"2019-08-16 08:30:00","34.74","115.8","100","Asia/Kolkata (GMT+5:30)"
"2019-08-16 08:40:00","28.53","95.1","100","Asia/Kolkata (GMT+5:30)"
"2019-08-16 08:50:00","36.83","122.78","100","Asia/Kolkata (GMT+5:30)"
"2019-08-16 09:00:00","42.6","142","100","Asia/Kolkata (GMT+5:30)"
"2019-08-16 09:10:00","34.72","115.75","100","Asia/Kolkata (GMT+5:30)"
"2019-08-16 09:20:00","26.08","86.95","100","Asia/Kolkata (GMT+5:30)"
"2019-08-16 09:30:00","43.81","146.05","100","Asia/Kolkata (GMT+5:30)"
"2019-08-16 09:40:00","50.41","168.03","100","Asia/Kolkata (GMT+5:30)"
"2019-08-16 09:50:00","23.84","79.48","100","Asia/Kolkata (GMT+5:30)"
"2019-08-16 10:00:00","17.28","57.62","100","Asia/Kolkata (GMT+5:30)"
"2019-08-16 10:10:00","45.7","152.33","100","Asia/Kolkata (GMT+5:30)"
"2019-08-16 10:20:00","52.92","176.42","100","Asia/Kolkata (GMT+5:30)"
"2019-08-16 10:30:00","55.58","185.27","100","Asia/Kolkata (GMT+5:30)"
"2019-08-16 10:40:00","53.65","178.83","100","Asia/Kolkata (GMT+5:30)"
"2019-08-16 10:50:00","45.96","153.18","100","Asia/Kolkata (GMT+5:30)"
"2019-08-16 11:00:00","39.78","132.6","100","Asia/Kolkata (GMT+5:30)"
"2019-08-16 11:10:00","50.79","169.32","100","Asia/Kolkata (GMT+5:30)"
"2019-08-16 11:20:00","63.55","211.83","100","Asia/Kolkata (GMT+5:30)"
"2019-08-16 11:30:00","62.93","209.77","100","Asia/Kolkata (GMT+5:30)"
"2019-08-16 11:40:00","59.72","199.05","100","Asia/Kolkata (GMT+5:30)"
"2019-08-16 11:50:00","59.56","198.52","100","Asia/Kolkata (GMT+5:30)"
"2019-08-16 12:00:00","83.78","279.25","100","Asia/Kolkata (GMT+5:30)"
"2019-08-16 12:10:00","83.18","277.28","100","Asia/Kolkata (GMT+5:30)"
"2019-08-16 12:20:00","61.63","205.43","100","Asia/Kolkata (GMT+5:30)"
"2019-08-16 12:30:00","76.98","256.6","100","Asia/Kolkata (GMT+5:30)"
"2019-08-16 12:40:00","66.94","223.13","100","Asia/Kolkata (GMT+5:30)"
"2019-08-16 12:50:00","56.93","189.77","100","Asia/Kolkata (GMT+5:30)"
"2019-08-16 13:00:00","59.01","196.7","100","Asia/Kolkata (GMT+5:30)"
"2019-08-16 13:10:00","57.17","190.57","100","Asia/Kolkata (GMT+5:30)"
"2019-08-16 13:20:00","100.02","333.4","100","Asia/Kolkata (GMT+5:30)"
"2019-08-16 13:30:00","98.22","327.42","100","Asia/Kolkata (GMT+5:30)"
"2019-08-16 13:40:00","68.22","227.42","100","Asia/Kolkata (GMT+5:30)"
"2019-08-16 13:50:00","46.4","154.68","100","Asia/Kolkata (GMT+5:30)"
"2019-08-16 14:00:00","73.65","245.52","100","Asia/Kolkata (GMT+5:30)"
"2019-08-16 14:10:00","68.57","228.55","100","Asia/Kolkata (GMT+5:30)"
"2019-08-16 14:20:00","62.74","209.12","100","Asia/Kolkata (GMT+5:30)"
"2019-08-16 14:30:00","55.65","185.48","100","Asia/Kolkata (GMT+5:30)"
"2019-08-16 14:40:00","67.28","224.25","100","Asia/Kolkata (GMT+5:30)"
"2019-08-16 14:50:00","63.9","213","100","Asia/Kolkata (GMT+5:30)"
"2019-08-16 15:00:00","68","226.67","100","Asia/Kolkata (GMT+5:30)"
"2019-08-16 15:10:00","49.13","163.75","100","Asia/Kolkata (GMT+5:30)"
"2019-08-16 15:20:00","61.94","206.47","100","Asia/Kolkata (GMT+5:30)"
"2019-08-16 15:30:00","67.85","226.17","100","Asia/Kolkata (GMT+5:30)"
"2019-08-16 15:40:00","87.31","291.02","100","Asia/Kolkata (GMT+5:30)"
"2019-08-16 15:50:00","77.36","257.85","100","Asia/Kolkata (GMT+5:30)"
"2019-08-16 16:00:00","66.84","222.8","100","Asia/Kolkata (GMT+5:30)"
"2019-08-16 16:10:00","56.38","187.95","100","Asia/Kolkata (GMT+5:30)"
"2019-08-16 16:20:00","47.38","157.92","100","Asia/Kolkata (GMT+5:30)"
"2019-08-16 16:30:00","39.53","131.78","100","Asia/Kolkata (GMT+5:30)"
"2019-08-16 16:40:00","29.32","97.72","100","Asia/Kolkata (GMT+5:30)"
"2019-08-16 16:50:00","29.72","99.05","100","Asia/Kolkata (GMT+5:30)"
"2019-08-16 17:00:00","38.66","128.87","100","Asia/Kolkata (GMT+5:30)"
"2019-08-16 17:10:00","45.13","150.42","100","Asia/Kolkata (GMT+5:30)"
"2019-08-16 17:20:00","74.86","249.52","100","Asia/Kolkata (GMT+5:30)"
"2019-08-16 17:30:00","75.66","252.2","100","Asia/Kolkata (GMT+5:30)"
"2019-08-16 17:40:00","67.64","225.47","100","Asia/Kolkata (GMT+5:30)"
"2019-08-16 17:50:00","71.82","239.4","100","Asia/Kolkata (GMT+5:30)"
"2019-08-16 18:00:00","66.07","220.23","100","Asia/Kolkata (GMT+5:30)"
"2019-08-16 18:10:00","57.19","190.63","100","Asia/Kolkata (GMT+5:30)"
"2019-08-16 18:20:00","48.49","161.62","100","Asia/Kolkata (GMT+5:30)"
"2019-08-16 18:30:00","47.44","158.13","100","Asia/Kolkata (GMT+5:30)"
"2019-08-16 18:40:00","29.78","99.28","100","Asia/Kolkata (GMT+5:30)"
"2019-08-16 18:50:00","23.79","79.3","100","Asia/Kolkata (GMT+5:30)"
"2019-08-16 19:00:00","25.22","84.05","100","Asia/Kolkata (GMT+5:30)"
"2019-08-16 19:10:00","25.42","84.73","100","Asia/Kolkata (GMT+5:30)"
"2019-08-16 19:20:00","19.99","66.62","100","Asia/Kolkata (GMT+5:30)"
"2019-08-16 19:30:00","33.69","112.28","100","Asia/Kolkata (GMT+5:30)"
"2019-08-16 19:40:00","74.04","246.8","100","Asia/Kolkata (GMT+5:30)"
"2019-08-16 19:50:00","33.82","112.73","100","Asia/Kolkata (GMT+5:30)"
"2019-08-16 20:00:00","36.22","120.72","100","Asia/Kolkata (GMT+5:30)"
"2019-08-16 20:10:00","42.33","141.08","100","Asia/Kolkata (GMT+5:30)"
"2019-08-16 20:20:00","51.61","172.03","100","Asia/Kolkata (GMT+5:30)"
"2019-08-16 20:30:00","51.09","170.3","100","Asia/Kolkata (GMT+5:30)"
"2019-08-16 20:40:00","58","193.33","100","Asia/Kolkata (GMT+5:30)"
"2019-08-16 20:50:00","62.79","209.32","100","Asia/Kolkata (GMT+5:30)"
"2019-08-16 21:00:00","57.08","190.25","100","Asia/Kolkata (GMT+5:30)"
"2019-08-16 21:10:00","40.38","134.62","100","Asia/Kolkata (GMT+5:30)"
"2019-08-16 21:20:00","27.32","91.07","100","Asia/Kolkata (GMT+5:30)"
"2019-08-16 21:30:00","20.85","69.52","100","Asia/Kolkata (GMT+5:30)"
"2019-08-16 21:40:00","12.73","42.45","100","Asia/Kolkata (GMT+5:30)"
"2019-08-16 21:50:00","16.17","53.9","100","Asia/Kolkata (GMT+5:30)"
"2019-08-16 22:00:00","12.85","42.83","100","Asia/Kolkata (GMT+5:30)"
"2019-08-16 22:10:00","10.34","34.47","100","Asia/Kolkata (GMT+5:30)"
"2019-08-16 22:20:00","13.69","45.65","100","Asia/Kolkata (GMT+5:30)"
"2019-08-16 22:30:00","23.49","78.3","100","Asia/Kolkata (GMT+5:30)"
"2019-08-16 22:40:00","27.7","92.35","100","Asia/Kolkata (GMT+5:30)"
"2019-08-16 22:50:00","36.38","121.27","100","Asia/Kolkata (GMT+5:30)"
"2019-08-16 23:00:00","59.92","199.72","100","Asia/Kolkata (GMT+5:30)"
"2019-08-16 23:10:00","59.29","197.65","100","Asia/Kolkata (GMT+5:30)"
"2019-08-16 23:20:00","62.48","208.27","100","Asia/Kolkata (GMT+5:30)"
"2019-08-16 23:30:00","50.71","169.02","100","Asia/Kolkata (GMT+5:30)"
"2019-08-16 23:40:00","47.81","","","Asia/Kolkata (GMT+5:30)"
"2019-08-16 23:50:00","45.85","","","Asia/Kolkata (GMT+5:30)"
"2019-08-17 00:00:00","47.67","158.88","100","Asia/Kolkata (GMT+5:30)"
"2019-08-17 00:10:00","48.58","161.95","100","Asia/Kolkata (GMT+5:30)"
"2019-08-17 00:20:00","37.69","125.63","100","Asia/Kolkata (GMT+5:30)"
"2019-08-17 00:30:00","31.74","105.8","100","Asia/Kolkata (GMT+5:30)"
"2019-08-17 00:40:00","18.7","62.35","100","Asia/Kolkata (GMT+5:30)"
"2019-08-17 00:50:00","20.67","68.92","100","Asia/Kolkata (GMT+5:30)"
"2019-08-17 01:00:00","21.01","70.05","100","Asia/Kolkata (GMT+5:30)"
"2019-08-17 01:10:00","18.74","62.47","100","Asia/Kolkata (GMT+5:30)"
"2019-08-17 01:20:00","17.65","58.82","100","Asia/Kolkata (GMT+5:30)"
"2019-08-17 01:30:00","21.9","72.98","100","Asia/Kolkata (GMT+5:30)"
"2019-08-17 01:40:00","40.08","133.58","100","Asia/Kolkata (GMT+5:30)"
"2019-08-17 01:50:00","56.01","186.72","100","Asia/Kolkata (GMT+5:30)"
"2019-08-17 02:00:00","38.65","128.83","50.5","Asia/Kolkata (GMT+5:30)"
"2019-08-17 02:10:00","-1.24","-4.12","29.63","Asia/Kolkata (GMT+5:30)"
"2019-08-17 02:20:00","33.35","111.15","100","Asia/Kolkata (GMT+5:30)"
"2019-08-17 02:30:00","70.69","235.63","100","Asia/Kolkata (GMT+5:30)"
"2019-08-17 02:40:00","55.25","184.17","100","Asia/Kolkata (GMT+5:30)"
"2019-08-17 02:50:00","51.15","170.48","100","Asia/Kolkata (GMT+5:30)"
"2019-08-17 03:00:00","52.82","176.07","100","Asia/Kolkata (GMT+5:30)"
"2019-08-17 03:10:00","41.31","137.7","100","Asia/Kolkata (GMT+5:30)"
"2019-08-17 03:20:00","36.13","120.45","100","Asia/Kolkata (GMT+5:30)"
"2019-08-17 03:30:00","23.55","78.48","100","Asia/Kolkata (GMT+5:30)"
"2019-08-17 03:40:00","34.21","114.03","100","Asia/Kolkata (GMT+5:30)"
"2019-08-17 03:50:00","36.22","120.75","100","Asia/Kolkata (GMT+5:30)"
"2019-08-17 04:00:00","51.56","171.87","100","Asia/Kolkata (GMT+5:30)"
"2019-08-17 04:10:00","33.22","110.73","100","Asia/Kolkata (GMT+5:30)"
"2019-08-17 04:20:00","32.62","108.73","100","Asia/Kolkata (GMT+5:30)"
"2019-08-17 04:30:00","27.51","91.72","100","Asia/Kolkata (GMT+5:30)"
"2019-08-17 04:40:00","18.94","63.15","100","Asia/Kolkata (GMT+5:30)"
"2019-08-17 04:50:00","10.38","34.58","100","Asia/Kolkata (GMT+5:30)"
"2019-08-17 05:00:00","10.69","35.65","100","Asia/Kolkata (GMT+5:30)"
"2019-08-17 05:10:00","16.54","55.13","100","Asia/Kolkata (GMT+5:30)"
"2019-08-17 05:20:00","27.67","92.25","100","Asia/Kolkata (GMT+5:30)"
"2019-08-17 05:30:00","21.55","71.83","100","Asia/Kolkata (GMT+5:30)"
"2019-08-17 05:40:00","22.52","75.07","100","Asia/Kolkata (GMT+5:30)"
"2019-08-17 05:50:00","23.7","79","100","Asia/Kolkata (GMT+5:30)"
"2019-08-17 06:00:00","24.42","81.4","100","Asia/Kolkata (GMT+5:30)"
"2019-08-17 06:10:00","27.93","93.1","100","Asia/Kolkata (GMT+5:30)"
"2019-08-17 06:20:00","26.68","88.93","100","Asia/Kolkata (GMT+5:30)"
"2019-08-17 06:30:00","23.13","77.08","100","Asia/Kolkata (GMT+5:30)"
"2019-08-17 06:40:00","27.1","90.33","100","Asia/Kolkata (GMT+5:30)"
"2019-08-17 06:50:00","28.83","96.12","100","Asia/Kolkata (GMT+5:30)"
"2019-08-17 07:00:00","29.44","98.15","100","Asia/Kolkata (GMT+5:30)"
"2019-08-17 07:10:00","26.06","86.87","100","Asia/Kolkata (GMT+5:30)"
"2019-08-17 07:20:00","26.17","87.22","100","Asia/Kolkata (GMT+5:30)"
"2019-08-17 07:30:00","27.42","91.42","100","Asia/Kolkata (GMT+5:30)"
"2019-08-17 07:40:00","22.05","73.5","100","Asia/Kolkata (GMT+5:30)"
"2019-08-17 07:50:00","28.66","95.53","100","Asia/Kolkata (GMT+5:30)"
"2019-08-17 08:00:00","26.15","87.15","100","Asia/Kolkata (GMT+5:30)"
"2019-08-17 08:10:00","30.33","101.12","100","Asia/Kolkata (GMT+5:30)"
"2019-08-17 08:20:00","28.16","93.85","100","Asia/Kolkata (GMT+5:30)"
"2019-08-17 08:30:00","41.01","136.72","100","Asia/Kolkata (GMT+5:30)"
"2019-08-17 08:40:00","37.04","123.48","100","Asia/Kolkata (GMT+5:30)"
"2019-08-17 08:50:00","45.57","151.9","100","Asia/Kolkata (GMT+5:30)"
"2019-08-17 09:00:00","51.51","171.72","100","Asia/Kolkata (GMT+5:30)"
"2019-08-17 09:10:00","56.99","189.97","100","Asia/Kolkata (GMT+5:30)"
"2019-08-17 09:20:00","60.38","201.28","100","Asia/Kolkata (GMT+5:30)"
"2019-08-17 09:30:00","40.46","134.87","100","Asia/Kolkata (GMT+5:30)"
"2019-08-17 09:40:00","34.47","114.92","100","Asia/Kolkata (GMT+5:30)"
"2019-08-17 09:50:00","42.9","143.02","100","Asia/Kolkata (GMT+5:30)"
"2019-08-17 10:00:00","54.14","180.47","100","Asia/Kolkata (GMT+5:30)"
"2019-08-17 10:10:00","52.44","174.78","100","Asia/Kolkata (GMT+5:30)"
"2019-08-17 10:20:00","24.86","82.87","80","Asia/Kolkata (GMT+5:30)"
"2019-08-17 10:30:00","55.76","185.88","100","Asia/Kolkata (GMT+5:30)"
"2019-08-17 10:40:00","54.7","182.33","100","Asia/Kolkata (GMT+5:30)"
"2019-08-17 10:50:00","60.61","202.03","100","Asia/Kolkata (GMT+5:30)"
"2019-08-17 11:00:00","82.49","274.95","100","Asia/Kolkata (GMT+5:30)"
"2019-08-17 11:10:00","72.13","240.43","100","Asia/Kolkata (GMT+5:30)"
"2019-08-17 11:20:00","64.22","214.08","100","Asia/Kolkata (GMT+5:30)"
"2019-08-17 11:30:00","79.36","264.55","100","Asia/Kolkata (GMT+5:30)"
"2019-08-17 11:40:00","97.45","324.83","100","Asia/Kolkata (GMT+5:30)"
"2019-08-17 11:50:00","82.42","274.72","100","Asia/Kolkata (GMT+5:30)"
"2019-08-17 12:00:00","76.12","253.73","100","Asia/Kolkata (GMT+5:30)"
"2019-08-17 12:10:00","82.1","273.65","100","Asia/Kolkata (GMT+5:30)"
"2019-08-17 12:20:00","63.6","211.98","100","Asia/Kolkata (GMT+5:30)"
"2019-08-17 12:30:00","59.04","196.8","100","Asia/Kolkata (GMT+5:30)"
"2019-08-17 12:40:00","69.5","231.68","100","Asia/Kolkata (GMT+5:30)"
"2019-08-17 12:50:00","98.94","329.82","100","Asia/Kolkata (GMT+5:30)"
"2019-08-17 13:00:00","97.48","324.93","100","Asia/Kolkata (GMT+5:30)"
"2019-08-17 13:10:00","88.47","294.92","100","Asia/Kolkata (GMT+5:30)"
"2019-08-17 13:20:00","69.33","231.1","100","Asia/Kolkata (GMT+5:30)"
"2019-08-17 13:30:00","63.6","212","100","Asia/Kolkata (GMT+5:30)"
"2019-08-17 13:40:00","71.01","236.7","100","Asia/Kolkata (GMT+5:30)"
"2019-08-17 13:50:00","62.15","207.15","100","Asia/Kolkata (GMT+5:30)"
"2019-08-17 14:00:00","59.74","199.15","100","Asia/Kolkata (GMT+5:30)"
"2019-08-17 14:10:00","75.74","252.47","100","Asia/Kolkata (GMT+5:30)"
"2019-08-17 14:20:00","58.92","196.38","100","Asia/Kolkata (GMT+5:30)"
"2019-08-17 14:30:00","60.46","201.52","100","Asia/Kolkata (GMT+5:30)"
"2019-08-17 14:40:00","52.97","176.55","100","Asia/Kolkata (GMT+5:30)"
"2019-08-17 14:50:00","34.1","113.67","100","Asia/Kolkata (GMT+5:30)"
"2019-08-17 15:00:00","46.47","154.88","100","Asia/Kolkata (GMT+5:30)"
"2019-08-17 15:10:00","60.9","202.98","100","Asia/Kolkata (GMT+5:30)"
"2019-08-17 15:20:00","49.81","166.03","100","Asia/Kolkata (GMT+5:30)"
"2019-08-17 15:30:00","37.9","126.35","100","Asia/Kolkata (GMT+5:30)"
"2019-08-17 15:40:00","36.56","121.85","100","Asia/Kolkata (GMT+5:30)"
"2019-08-17 15:50:00","46.03","153.43","100","Asia/Kolkata (GMT+5:30)"
"2019-08-17 16:00:00","39.9","133","100","Asia/Kolkata (GMT+5:30)"
"2019-08-17 16:10:00","47.87","159.57","100","Asia/Kolkata (GMT+5:30)"
"2019-08-17 16:20:00","57.22","190.72","100","Asia/Kolkata (GMT+5:30)"
"2019-08-17 16:30:00","72.74","242.45","100","Asia/Kolkata (GMT+5:30)"
"2019-08-17 16:40:00","66.54","221.8","100","Asia/Kolkata (GMT+5:30)"
"2019-08-17 16:50:00","57.92","193.05","100","Asia/Kolkata (GMT+5:30)"
"2019-08-17 17:00:00","54.7","182.33","100","Asia/Kolkata (GMT+5:30)"
"2019-08-17 17:10:00","37.01","123.37","100","Asia/Kolkata (GMT+5:30)"
"2019-08-17 17:20:00","22.42","74.73","100","Asia/Kolkata (GMT+5:30)"
"2019-08-17 17:30:00","45.17","150.58","100","Asia/Kolkata (GMT+5:30)"
"2019-08-17 17:40:00","53.38","177.95","100","Asia/Kolkata (GMT+5:30)"
"2019-08-17 17:50:00","46.33","154.45","100","Asia/Kolkata (GMT+5:30)"
"2019-08-17 18:00:00","51.99","173.32","100","Asia/Kolkata (GMT+5:30)"
"2019-08-17 18:10:00","54.46","181.53","100","Asia/Kolkata (GMT+5:30)"
"2019-08-17 18:20:00","44.26","147.52","80","Asia/Kolkata (GMT+5:30)"
"2019-08-17 18:30:00","-1.22","-4.07","100","Asia/Kolkata (GMT+5:30)"
"2019-08-17 18:40:00","23.37","77.9","100","Asia/Kolkata (GMT+5:30)"
"2019-08-17 18:50:00","40.05","133.5","100","Asia/Kolkata (GMT+5:30)"
"2019-08-17 19:00:00","35.4","118.02","100","Asia/Kolkata (GMT+5:30)"
"2019-08-17 19:10:00","37.06","123.53","100","Asia/Kolkata (GMT+5:30)"
"2019-08-17 19:20:00","21.32","71.05","100","Asia/Kolkata (GMT+5:30)"
"2019-08-17 19:30:00","22.47","74.88","100","Asia/Kolkata (GMT+5:30)"
"2019-08-17 19:40:00","15.35","51.17","100","Asia/Kolkata (GMT+5:30)"
"2019-08-17 19:50:00","24.11","80.37","100","Asia/Kolkata (GMT+5:30)"
"2019-08-17 20:00:00","19.78","65.93","100","Asia/Kolkata (GMT+5:30)"
"2019-08-17 20:10:00","15.71","52.37","100","Asia/Kolkata (GMT+5:30)"
"2019-08-17 20:20:00","17.75","59.18","100","Asia/Kolkata (GMT+5:30)"
"2019-08-17 20:30:00","22.5","75","100","Asia/Kolkata (GMT+5:30)"
"2019-08-17 20:40:00","23.18","77.28","100","Asia/Kolkata (GMT+5:30)"
"2019-08-17 20:50:00","23.25","77.48","100","Asia/Kolkata (GMT+5:30)"
"2019-08-17 21:00:00","19.94","66.48","100","Asia/Kolkata (GMT+5:30)"
"2019-08-17 21:10:00","21.74","72.45","100","Asia/Kolkata (GMT+5:30)"
"2019-08-17 21:20:00","25.25","84.15","100","Asia/Kolkata (GMT+5:30)"
"2019-08-17 21:30:00","38.84","129.47","100","Asia/Kolkata (GMT+5:30)"
"2019-08-17 21:40:00","23.24","77.47","100","Asia/Kolkata (GMT+5:30)"
"2019-08-17 21:50:00","21.49","71.63","100","Asia/Kolkata (GMT+5:30)"
"2019-08-17 22:00:00","29.35","97.85","100","Asia/Kolkata (GMT+5:30)"
"2019-08-17 22:10:00","49.71","165.7","100","Asia/Kolkata (GMT+5:30)"
"2019-08-17 22:20:00","30.31","101.02","100","Asia/Kolkata (GMT+5:30)"
"2019-08-17 22:30:00","24.64","82.12","100","Asia/Kolkata (GMT+5:30)"
"2019-08-17 22:40:00","23.54","78.47","100","Asia/Kolkata (GMT+5:30)"
"2019-08-17 22:50:00","28.54","95.13","100","Asia/Kolkata (GMT+5:30)"
"2019-08-17 23:00:00","","149.58","","Asia/Kolkata (GMT+5:30)"
"2019-08-17 23:10:00","","137.58","","Asia/Kolkata (GMT+5:30)"
"2019-08-17 23:20:00","","97.82","","Asia/Kolkata (GMT+5:30)"
"2019-08-17 23:30:00","","95.8","","Asia/Kolkata (GMT+5:30)"
"2019-08-17 23:40:00","","118.07","","Asia/Kolkata (GMT+5:30)"
"2019-08-17 23:50:00","","153.73","","Asia/Kolkata (GMT+5:30)"
"2019-08-18 00:00:00","","169.37","","Asia/Kolkata (GMT+5:30)"
"2019-08-18 00:10:00","","172.98","","Asia/Kolkata (GMT+5:30)"
"2019-08-18 00:20:00","","192.7","","Asia/Kolkata (GMT+5:30)"
"2019-08-18 00:30:00","","236.55","","Asia/Kolkata (GMT+5:30)"
"2019-08-18 00:40:00","","230.45","","Asia/Kolkata (GMT+5:30)"
"2019-08-18 00:50:00","","209.47","","Asia/Kolkata (GMT+5:30)"
"2019-08-18 01:00:00","","213.83","","Asia/Kolkata (GMT+5:30)"
"2019-08-18 01:10:00","","183.63","","Asia/Kolkata (GMT+5:30)"
"2019-08-18 01:20:00","","214.57","","Asia/Kolkata (GMT+5:30)"
"2019-08-18 01:30:00","","190.57","","Asia/Kolkata (GMT+5:30)"
"2019-08-18 01:40:00","","158.87","","Asia/Kolkata (GMT+5:30)"
"2019-08-18 01:50:00","","123.83","","Asia/Kolkata (GMT+5:30)"
"2019-08-18 02:00:00","","85.98","","Asia/Kolkata (GMT+5:30)"
"2019-08-18 02:10:00","","86.45","","Asia/Kolkata (GMT+5:30)"
"2019-08-18 02:20:00","","135.33","","Asia/Kolkata (GMT+5:30)"
"2019-08-18 02:30:00","","115.7","","Asia/Kolkata (GMT+5:30)"
"2019-08-18 02:40:00","","118.5","","Asia/Kolkata (GMT+5:30)"
"2019-08-18 02:50:00","","111.67","","Asia/Kolkata (GMT+5:30)"
"2019-08-18 03:00:00","","85.23","","Asia/Kolkata (GMT+5:30)"
"2019-08-18 03:10:00","","84.08","","Asia/Kolkata (GMT+5:30)"
"2019-08-18 03:20:00","","89.58","","Asia/Kolkata (GMT+5:30)"
"2019-08-18 03:30:00","","106.08","","Asia/Kolkata (GMT+5:30)"
"2019-08-18 03:40:00","","94.73","","Asia/Kolkata (GMT+5:30)"
"2019-08-18 03:50:00","","117.7","","Asia/Kolkata (GMT+5:30)"
"2019-08-18 04:00:00","","99.3","","Asia/Kolkata (GMT+5:30)"
"2019-08-18 04:10:00","","92.75","","Asia/Kolkata (GMT+5:30)"
"2019-08-18 04:20:00","","94.67","","Asia/Kolkata (GMT+5:30)"
"2019-08-18 04:30:00","","113.35","","Asia/Kolkata (GMT+5:30)"
"2019-08-18 04:40:00","","73.53","","Asia/Kolkata (GMT+5:30)"
"2019-08-18 04:50:00","","68.63","","Asia/Kolkata (GMT+5:30)"
"2019-08-18 05:00:00","","169.17","","Asia/Kolkata (GMT+5:30)"
"2019-08-18 05:10:00","","91.48","","Asia/Kolkata (GMT+5:30)"
"2019-08-18 05:20:00","","117.7","","Asia/Kolkata (GMT+5:30)"
"2019-08-18 05:30:00","","129.53","","Asia/Kolkata (GMT+5:30)"
"2019-08-18 05:40:00","","104.53","","Asia/Kolkata (GMT+5:30)"
"2019-08-18 05:50:00","","138.48","","Asia/Kolkata (GMT+5:30)"
"2019-08-18 06:00:00","","95.23","","Asia/Kolkata (GMT+5:30)"
"2019-08-18 06:10:00","","150.33","","Asia/Kolkata (GMT+5:30)"
"2019-08-18 06:20:00","","150.72","","Asia/Kolkata (GMT+5:30)"
"2019-08-18 06:30:00","","134.45","","Asia/Kolkata (GMT+5:30)"
"2019-08-18 06:40:00","","124.02","","Asia/Kolkata (GMT+5:30)"
"2019-08-18 06:50:00","","174.97","","Asia/Kolkata (GMT+5:30)"
"2019-08-18 07:00:00","","151.67","","Asia/Kolkata (GMT+5:30)"
"2019-08-18 07:10:00","","90.6","","Asia/Kolkata (GMT+5:30)"
"2019-08-18 07:20:00","","68.72","","Asia/Kolkata (GMT+5:30)"
"2019-08-18 07:30:00","","62.8","","Asia/Kolkata (GMT+5:30)"
"2019-08-18 07:40:00","","88.02","","Asia/Kolkata (GMT+5:30)"
"2019-08-18 07:50:00","","114.45","","Asia/Kolkata (GMT+5:30)"
"2019-08-18 08:00:00","","130.73","","Asia/Kolkata (GMT+5:30)"
"2019-08-18 08:10:00","","55.42","","Asia/Kolkata (GMT+5:30)"
"2019-08-18 08:20:00","","62.17","","Asia/Kolkata (GMT+5:30)"
"2019-08-18 08:30:00","","56","","Asia/Kolkata (GMT+5:30)"
"2019-08-18 08:40:00","","48.58","","Asia/Kolkata (GMT+5:30)"
"2019-08-18 08:50:00","","37.73","","Asia/Kolkata (GMT+5:30)"
"2019-08-18 09:00:00","","37.28","","Asia/Kolkata (GMT+5:30)"
"2019-08-18 09:10:00","","58.95","","Asia/Kolkata (GMT+5:30)"
"2019-08-18 09:20:00","","73.05","","Asia/Kolkata (GMT+5:30)"
"2019-08-18 09:30:00","","68.23","","Asia/Kolkata (GMT+5:30)"
"2019-08-18 09:40:00","","80.65","","Asia/Kolkata (GMT+5:30)"
"2019-08-18 09:50:00","","101.03","","Asia/Kolkata (GMT+5:30)"
"2019-08-18 10:00:00","","115.07","","Asia/Kolkata (GMT+5:30)"
"2019-08-18 10:10:00","","113.53","","Asia/Kolkata (GMT+5:30)"
"2019-08-18 10:20:00","","82.67","","Asia/Kolkata (GMT+5:30)"
"2019-08-18 10:30:00","","119.15","","Asia/Kolkata (GMT+5:30)"
"2019-08-18 10:40:00","","124.92","","Asia/Kolkata (GMT+5:30)"
"2019-08-18 10:50:00","","280.48","","Asia/Kolkata (GMT+5:30)"
"2019-08-18 11:00:00","","142.72","","Asia/Kolkata (GMT+5:30)"
"2019-08-18 11:10:00","","103.6","","Asia/Kolkata (GMT+5:30)"
"2019-08-18 11:20:00","","143.65","","Asia/Kolkata (GMT+5:30)"
"2019-08-18 11:30:00","","263.68","","Asia/Kolkata (GMT+5:30)"
"2019-08-18 11:40:00","","270.35","","Asia/Kolkata (GMT+5:30)"
"2019-08-18 11:50:00","","163.57","","Asia/Kolkata (GMT+5:30)"
"2019-08-18 12:00:00","","221.27","","Asia/Kolkata (GMT+5:30)"
"2019-08-18 12:10:00","","181.88","","Asia/Kolkata (GMT+5:30)"
"2019-08-18 12:20:00","","157.77","","Asia/Kolkata (GMT+5:30)"
"2019-08-18 12:30:00","","231.68","","Asia/Kolkata (GMT+5:30)"
"2019-08-18 12:40:00","","204.48","","Asia/Kolkata (GMT+5:30)"
"2019-08-18 12:50:00","","250.2","","Asia/Kolkata (GMT+5:30)"
"2019-08-18 13:00:00","","220.65","","Asia/Kolkata (GMT+5:30)"
"2019-08-18 13:10:00","","185.2","","Asia/Kolkata (GMT+5:30)"
"2019-08-18 13:20:00","","170.8","","Asia/Kolkata (GMT+5:30)"
"2019-08-18 13:30:00","","164.43","","Asia/Kolkata (GMT+5:30)"
"2019-08-18 13:40:00","","185.18","","Asia/Kolkata (GMT+5:30)"
"2019-08-18 13:50:00","","166.02","","Asia/Kolkata (GMT+5:30)"
"2019-08-18 14:00:00","","232.67","","Asia/Kolkata (GMT+5:30)"
"2019-08-18 14:10:00","","228.35","","Asia/Kolkata (GMT+5:30)"
"2019-08-18 14:20:00","","241.8","","Asia/Kolkata (GMT+5:30)"
"2019-08-18 14:30:00","","268.43","","Asia/Kolkata (GMT+5:30)"
"2019-08-18 14:40:00","","303.65","","Asia/Kolkata (GMT+5:30)"
"2019-08-18 14:50:00","","271.42","","Asia/Kolkata (GMT+5:30)"
"2019-08-18 15:00:00","","257.57","","Asia/Kolkata (GMT+5:30)"
"2019-08-18 15:10:00","","241.22","","Asia/Kolkata (GMT+5:30)"
"2019-08-18 15:20:00","","193.33","","Asia/Kolkata (GMT+5:30)"
"2019-08-18 15:30:00","","146.73","","Asia/Kolkata (GMT+5:30)"
"2019-08-18 15:40:00","","232.02","","Asia/Kolkata (GMT+5:30)"
"2019-08-18 15:50:00","","234.25","","Asia/Kolkata (GMT+5:30)"
"2019-08-18 16:00:00","","227.48","","Asia/Kolkata (GMT+5:30)"
"2019-08-18 16:10:00","","186.13","","Asia/Kolkata (GMT+5:30)"
"2019-08-18 16:20:00","","187.57","","Asia/Kolkata (GMT+5:30)"
"2019-08-18 16:30:00","","152.87","","Asia/Kolkata (GMT+5:30)"
"2019-08-18 16:40:00","","192.83","","Asia/Kolkata (GMT+5:30)"
"2019-08-18 16:50:00","","197.25","","Asia/Kolkata (GMT+5:30)"
"2019-08-18 17:00:00","","169.35","","Asia/Kolkata (GMT+5:30)"
"2019-08-18 17:10:00","","176.25","","Asia/Kolkata (GMT+5:30)"
"2019-08-18 17:20:00","","157.1","","Asia/Kolkata (GMT+5:30)"
"2019-08-18 17:30:00","","149.58","","Asia/Kolkata (GMT+5:30)"
"2019-08-18 17:40:00","","235.12","","Asia/Kolkata (GMT+5:30)"
"2019-08-18 17:50:00","","193.55","","Asia/Kolkata (GMT+5:30)"
"2019-08-18 18:00:00","","184.73","","Asia/Kolkata (GMT+5:30)"
"2019-08-18 18:10:00","","181.05","","Asia/Kolkata (GMT+5:30)"
"2019-08-18 18:20:00","","158.72","","Asia/Kolkata (GMT+5:30)"
"2019-08-18 18:30:00","","164.52","","Asia/Kolkata (GMT+5:30)"
"2019-08-18 18:40:00","","195.3","","Asia/Kolkata (GMT+5:30)"
"2019-08-18 18:50:00","","155.67","","Asia/Kolkata (GMT+5:30)"
"2019-08-18 19:00:00","","132.27","","Asia/Kolkata (GMT+5:30)"
"2019-08-18 19:10:00","","107.73","","Asia/Kolkata (GMT+5:30)"
"2019-08-18 19:20:00","","111.83","","Asia/Kolkata (GMT+5:30)"
"2019-08-18 19:30:00","","114.65","","Asia/Kolkata (GMT+5:30)"
"2019-08-18 19:40:00","","164.2","","Asia/Kolkata (GMT+5:30)"
"2019-08-18 19:50:00","","189.7","","Asia/Kolkata (GMT+5:30)"
"2019-08-18 20:00:00","","155.3","","Asia/Kolkata (GMT+5:30)"
"2019-08-18 20:10:00","","124.55","","Asia/Kolkata (GMT+5:30)"
"2019-08-18 20:20:00","","111.13","","Asia/Kolkata (GMT+5:30)"
"2019-08-18 20:30:00","","85.93","","Asia/Kolkata (GMT+5:30)"
"2019-08-18 20:40:00","","77.02","","Asia/Kolkata (GMT+5:30)"
"2019-08-18 20:50:00","","77.47","","Asia/Kolkata (GMT+5:30)"
"2019-08-18 21:00:00","","71.15","","Asia/Kolkata (GMT+5:30)"
"2019-08-18 21:10:00","","73.5","","Asia/Kolkata (GMT+5:30)"
"2019-08-18 21:20:00","","73.28","","Asia/Kolkata (GMT+5:30)"
"2019-08-18 21:30:00","","39.17","","Asia/Kolkata (GMT+5:30)"
"2019-08-18 21:40:00","","45.93","","Asia/Kolkata (GMT+5:30)"
"2019-08-18 21:50:00","","41.9","","Asia/Kolkata (GMT+5:30)"
"2019-08-18 22:00:00","","44.33","","Asia/Kolkata (GMT+5:30)"
"2019-08-18 22:10:00","","54.52","","Asia/Kolkata (GMT+5:30)"
"2019-08-18 22:20:00","","58.38","","Asia/Kolkata (GMT+5:30)"
"2019-08-18 22:30:00","","73.28","","Asia/Kolkata (GMT+5:30)"
"2019-08-18 22:40:00","","76.57","","Asia/Kolkata (GMT+5:30)"
"2019-08-18 22:50:00","","72.17","","Asia/Kolkata (GMT+5:30)"
"2019-08-18 23:00:00","","64.58","","Asia/Kolkata (GMT+5:30)"
"2019-08-18 23:10:00","","79.92","","Asia/Kolkata (GMT+5:30)"
"2019-08-18 23:20:00","","72.78","","Asia/Kolkata (GMT+5:30)"
"2019-08-18 23:30:00","","74.25","","Asia/Kolkata (GMT+5:30)"
"2019-08-18 23:40:00","","79.87","","Asia/Kolkata (GMT+5:30)"
"2019-08-18 23:50:00","","73.82","","Asia/Kolkata (GMT+5:30)"
